product_name,category,price
Astra Be,Clothing,157.89
NeoTech Someone,Groceries,21.46
Acme Discuss,Sports,265.37
Nimbus South,Electronics,541.41
Astra Capital,Home & Kitchen,198
NeoTech When,Toys,18.61
Zenith School,Toys,81.17
Everest Friend,Clothing,33.86
Harbor Go,Home & Kitchen,253.18
Orion Ahead,Sports,235.11
GreenLeaf They,Pet Supplies,2.99
GreenLeaf Road,Electronics,1299.71
Harbor Others,Groceries,19.09
Astra Anyone,Electronics,99.56
GreenLeaf Common,Pet Supplies,58.15
Zenith Current,Groceries,9.53
Solace Something,Books,25.66
Solace A,Home & Kitchen,47.18
Acme Live,Automotive,225.87
Nimbus Yard,Automotive,492.81
Willow Special,Electronics,1772.36
Nimbus Sit,Clothing,37.65
Harbor Health,Groceries,22.11
Harbor Who,Automotive,529.54
Zenith About,Automotive,631.84
Pulse Such,Automotive,742.47
Willow Evening,Toys,61.59
Astra Road,Automotive,313.89
Solace Player,Automotive,357.87
Willow Budget,Clothing,139.45
Pulse The,Books,37.01
Orion Itself,Clothing,265.99
Pulse Officer,Toys,44.46
Everest Figure,Automotive,260.02
Everest Choose,Electronics,438.46
Orion Laugh,Sports,81.88
Orion Approach,Pet Supplies,44.4
Astra Enter,Toys,44.23
NeoTech A,Clothing,33.41
Acme Night,Home & Kitchen,350.41
Harbor Recent,Books,94.35
NeoTech Power,Toys,36.95
Acme Significant,Clothing,148.55
NeoTech Possible,Toys,53.51
Nimbus Wrong,Automotive,36.34
Pulse Project,Pet Supplies,19.09
Acme Together,Beauty,94.71
NeoTech Major,Books,70.33
NeoTech Help,Home & Kitchen,12.72
Everest Easy,Clothing,108.18
Zenith Economy,Electronics,840.01
Nimbus To,Sports,138.89
Willow Item,Automotive,100.81
GreenLeaf Hair,Automotive,435.87
Astra Our,Electronics,949.73
Astra One,Groceries,16.78
Zenith What,Beauty,73.71
Astra Power,Electronics,788.21
Orion Short,Clothing,176.48
Nimbus Interesting,Toys,81.57
Astra Fly,Automotive,369.87
Willow Room,Pet Supplies,52.54
Pulse Eight,Groceries,18.77
NeoTech Commercial,Sports,151.03
Astra Community,Toys,32.09
GreenLeaf Spring,Books,42.89
Acme Their,Books,16.13
Acme Fire,Clothing,46.36
Harbor Student,Pet Supplies,106.99
Solace Other,Electronics,802.45
Willow Approach,Clothing,138.82
GreenLeaf West,Groceries,39.59
Harbor Authority,Toys,46.81
Willow Week,Toys,40.24
Everest Look,Automotive,143.79
Nimbus Test,Beauty,137.88
Solace Particular,Toys,27.21
Willow Determine,Automotive,344.26
Orion However,Pet Supplies,71.29
Acme Discuss,Pet Supplies,24.52
Zenith Great,Toys,13.12
Acme Special,Groceries,2.92
Harbor Spring,Toys,126.24
Orion Firm,Groceries,4.51
Astra Make,Automotive,462.62
Orion And,Pet Supplies,5.54
Pulse Fine,Home & Kitchen,339.43
Everest As,Clothing,78.11
Harbor Necessary,Sports,43.43
Pulse Arm,Groceries,3.69
Orion Involve,Books,69.07
Willow Economy,Beauty,177.95
NeoTech Peace,Sports,202.3
Solace Ten,Sports,41.49
NeoTech Certainly,Clothing,121.02
Orion Record,Pet Supplies,53.16
Zenith Movie,Groceries,31.94
Nimbus Computer,Beauty,63.31
GreenLeaf Effort,Groceries,24.6
Nimbus Night,Books,53.39
Willow Cultural,Clothing,32.69
Pulse Surface,Groceries,6.16
Harbor Two,Books,13.77
Solace Interesting,Beauty,40.38
Acme Lead,Sports,146.49
Acme Sport,Toys,86.59
GreenLeaf Throughout,Books,118.51
Willow Fall,Pet Supplies,41.44
Everest Interesting,Clothing,188.18
Zenith Coach,Clothing,154.67
GreenLeaf Bar,Clothing,55.21
Orion Surface,Sports,65.21
Harbor Until,Clothing,22.55
Zenith Create,Electronics,805.15
Astra President,Books,28.99
Acme Stock,Home & Kitchen,128.31
Acme Pattern,Books,20.8
NeoTech Professor,Groceries,13.13
Pulse Order,Clothing,265.21
Zenith White,Clothing,176.19
Everest Food,Home & Kitchen,390.29
NeoTech Tell,Toys,10.62
Solace Everyone,Clothing,244.44
Everest Yes,Home & Kitchen,36.32
Orion Gas,Beauty,59.55
Willow Arm,Sports,423.57
Willow May,Home & Kitchen,255.94
Everest Smile,Clothing,55.25
Willow Woman,Beauty,138.5
NeoTech Onto,Clothing,152.63
NeoTech Everybody,Automotive,329.14
Willow Recently,Clothing,135.87
Solace Team,Pet Supplies,25.97
Orion Such,Automotive,495.76
NeoTech Society,Sports,49.41
Zenith Phone,Electronics,2169.98
Willow Such,Automotive,441.37
Pulse True,Home & Kitchen,57.52
Harbor Able,Home & Kitchen,335.61
NeoTech Center,Pet Supplies,20.93
Harbor Since,Automotive,332.57
Zenith Way,Clothing,205.73
Astra Pressure,Home & Kitchen,96.76
GreenLeaf Interview,Automotive,224.43
Willow Him,Home & Kitchen,219.69
Astra Policy,Toys,15.85
NeoTech Beat,Toys,52.33
GreenLeaf Medical,Toys,68.12
Nimbus Where,Automotive,323.14
Pulse Kitchen,Clothing,70.84
Solace Be,Groceries,23.37
Zenith Soon,Sports,299.66
Pulse Care,Automotive,147.47
Harbor Bill,Toys,32.06
Harbor Firm,Books,12.17
Harbor Difference,Books,51.52
GreenLeaf Ask,Beauty,195.21
Zenith Accept,Sports,314.58
Nimbus Stock,Sports,146.05
Acme Cold,Electronics,259.69
NeoTech Weight,Electronics,701.36
Orion Most,Clothing,151.39
GreenLeaf Simply,Beauty,31.44
Astra Town,Books,60.85
Solace Difference,Electronics,295.27
Harbor Significant,Toys,103.35
Pulse Answer,Sports,28.53
Nimbus If,Sports,298.04
Acme Production,Books,21.36
NeoTech Imagine,Toys,20.19
Astra Protect,Toys,47.33
Harbor Natural,Home & Kitchen,53.8
Harbor Itself,Clothing,30.32
Zenith Run,Electronics,960.74
GreenLeaf Company,Automotive,22.44
Orion Rock,Toys,111.48
Astra Visit,Beauty,17.35
Solace Easy,Beauty,145.19
NeoTech Movement,Home & Kitchen,172.42
Orion Upon,Home & Kitchen,400.2
Willow Box,Automotive,763.34
Acme Cause,Books,9.27
Orion Like,Groceries,3.37
Astra Maintain,Toys,21.38
Orion Guy,Toys,69.64
NeoTech Not,Electronics,231.15
Harbor For,Sports,134.5
Zenith Direction,Pet Supplies,12.4
Astra Agree,Pet Supplies,4.19
Solace With,Pet Supplies,34.94
GreenLeaf Produce,Toys,47.14
Pulse Near,Electronics,455.43
Everest Nearly,Automotive,794.73
Nimbus Consider,Toys,59.65
Willow Study,Clothing,72.69
Willow Expert,Beauty,11.83
Astra Brother,Pet Supplies,20.84
Orion Face,Electronics,1352.63
Zenith While,Groceries,10.35
Zenith Story,Groceries,13.85
Willow Something,Toys,23.76
Harbor Body,Groceries,26.28
Everest Drop,Groceries,31.08
Orion Last,Pet Supplies,112.83
Pulse The,Toys,68.81
Orion Pm,Automotive,202.11
GreenLeaf Painting,Clothing,227.28
Solace Move,Automotive,826.18
Zenith Within,Clothing,144.55
Nimbus Little,Toys,253.94
Acme Performance,Toys,104.68
Acme Air,Electronics,246.31
NeoTech Reason,Pet Supplies,22.25
Everest Even,Home & Kitchen,191.69
Orion High,Pet Supplies,34.28
Pulse Serious,Sports,295.05
Zenith Follow,Clothing,101.57
Harbor Last,Electronics,234.99
NeoTech Film,Pet Supplies,82.2
Everest Team,Electronics,184.85
Nimbus Customer,Groceries,22.47
Harbor Miss,Beauty,21.85
Solace Six,Clothing,56.92
Astra Else,Automotive,88.96
GreenLeaf Newspaper,Electronics,527.87
Solace School,Clothing,118.33
Solace Risk,Home & Kitchen,238.61
Everest Tv,Automotive,253.79
Acme Run,Pet Supplies,5.59
Astra Well,Clothing,174.94
Zenith Behavior,Electronics,178.96
Solace Interview,Home & Kitchen,180.7
Zenith Might,Sports,173.94
NeoTech Fear,Electronics,375.37
Everest Minute,Home & Kitchen,628.13
NeoTech Process,Pet Supplies,42.76
Zenith Thus,Automotive,191.89
Harbor Follow,Sports,168.05
Zenith Commercial,Sports,180.4
Astra Model,Sports,13.49
Orion Idea,Clothing,148.45
Astra Number,Pet Supplies,51.96
Zenith Hope,Home & Kitchen,159.88
Everest Sell,Books,69.29
Astra Get,Home & Kitchen,221.48
Willow Because,Automotive,216.58
Solace Finish,Books,10.2
Solace Street,Beauty,40.54
NeoTech Husband,Books,64.76
Harbor Seek,Sports,162.91
Solace Bill,Beauty,64.82
NeoTech Class,Pet Supplies,46.59
Harbor Reduce,Groceries,46.4
Everest Simple,Pet Supplies,109.05
NeoTech Well,Beauty,71.91
Orion Treat,Automotive,664.92
Zenith Film,Sports,220.65
Orion Trouble,Groceries,11.34
Orion Financial,Sports,166.86
Harbor System,Groceries,24.11
Orion Indicate,Books,54.65
Astra Hear,Home & Kitchen,186.4
Solace Most,Groceries,12.76
Acme Account,Electronics,1006.47
GreenLeaf Move,Home & Kitchen,163.19
Astra Success,Home & Kitchen,45.35
Nimbus Lawyer,Automotive,696.74
Willow Officer,Automotive,253.41
Zenith Clear,Pet Supplies,74.5
Zenith Break,Books,44.29
Willow Include,Pet Supplies,117.63
Nimbus Process,Electronics,570.1
Willow Seem,Automotive,913.33
Acme Break,Electronics,1197.44
Everest Customer,Toys,36.36
Solace Travel,Automotive,297.47
Orion Their,Beauty,43.39
Astra Goal,Beauty,37.69
Zenith World,Beauty,114.56
Zenith Cold,Groceries,23.41
Acme Stuff,Groceries,28.99
Solace Represent,Beauty,154.03
Everest Image,Beauty,42.47
Zenith Then,Beauty,7.78
Solace Foot,Beauty,12.79
Zenith Church,Pet Supplies,39.15
NeoTech Vote,Pet Supplies,69.34
Acme He,Beauty,106.67
NeoTech Position,Books,68.32
Acme Board,Pet Supplies,44.33
Nimbus Goal,Books,50.3
GreenLeaf Who,Automotive,203.3
Astra Season,Sports,122.71
Zenith Recently,Automotive,543.31
NeoTech What,Pet Supplies,84.97
Acme Figure,Groceries,21.18
Everest Deep,Automotive,902.48
Zenith Deal,Electronics,1238.93
Zenith Partner,Automotive,291.45
Astra May,Groceries,26.88
Harbor Ever,Sports,31.57
Zenith Together,Pet Supplies,47.73
Willow Note,Electronics,1535.55
Willow Site,Clothing,120.82
Everest Scientist,Home & Kitchen,295.31
Everest Air,Sports,199.78
GreenLeaf Note,Home & Kitchen,354.49
Harbor Score,Electronics,930.47
NeoTech Second,Groceries,10.7
Orion Side,Clothing,67.11
Pulse Money,Beauty,110.72
Willow Let,Beauty,84.79
Orion Tonight,Books,70.39
Everest According,Books,79.29
Acme Room,Electronics,1620.72
NeoTech Also,Toys,72.21
Zenith International,Home & Kitchen,101.71
Willow Position,Pet Supplies,91.92
Everest Baby,Books,40.58
Zenith Religious,Clothing,47.88
Pulse Month,Groceries,8.99
Astra Explain,Groceries,32.16
Orion Speech,Electronics,694.32
Harbor Visit,Toys,60.11
Solace Down,Sports,114.24
Acme Financial,Groceries,2.75
Orion Television,Pet Supplies,98.15
Pulse Group,Toys,26.74
Astra Support,Toys,106.81
Orion Begin,Pet Supplies,37.03
Everest Million,Sports,112.6
GreenLeaf Painting,Beauty,33.02
GreenLeaf Reflect,Books,32.42
Pulse Something,Pet Supplies,84.07
NeoTech Cost,Beauty,93.49
Acme Outside,Clothing,121.89
Zenith Item,Books,23.28
Everest Nor,Books,16.48
Nimbus Memory,Pet Supplies,93.07
Zenith Life,Groceries,20.74
Pulse Serious,Sports,53.26
Nimbus Cell,Sports,90.57
Acme Others,Home & Kitchen,75.19
GreenLeaf At,Automotive,145.72
Solace Official,Books,62.17
Pulse Third,Books,51.61
Astra Significant,Pet Supplies,19.77
Acme Vote,Pet Supplies,47.14
Zenith Need,Electronics,474.22
Harbor Financial,Sports,241.98
Willow Event,Toys,84.8
Everest Daughter,Toys,112.71
Zenith Thought,Toys,83.19
Pulse Letter,Electronics,1387.39
Orion Whatever,Electronics,577.93
Willow If,Pet Supplies,67.94
Astra Hundred,Electronics,1423.47
Solace Something,Electronics,1001.67
Zenith Citizen,Pet Supplies,31.35
Nimbus Main,Pet Supplies,59.31
Harbor Man,Clothing,168.32
Zenith Check,Toys,104.09
GreenLeaf Team,Beauty,61.12
Pulse Mr,Beauty,41.57
NeoTech In,Toys,98.81
NeoTech Fill,Home & Kitchen,242.13
Willow West,Books,38.32
Harbor Several,Sports,257.21
Everest Against,Toys,15.41
Everest Property,Automotive,201.91
NeoTech Stand,Groceries,19.06
Solace Particular,Pet Supplies,100.33
Everest Difference,Automotive,390.56
Solace The,Sports,377.51
Nimbus Choice,Home & Kitchen,21.73
Zenith Color,Automotive,549.81
GreenLeaf Eat,Toys,95.77
Orion Foot,Books,9.11
Astra Present,Groceries,12.81
Solace Social,Home & Kitchen,148.33
Solace Chance,Sports,177.64
Astra Understand,Automotive,466.25
Nimbus Knowledge,Sports,26.27
Nimbus Take,Automotive,596.56
Willow Mouth,Electronics,756.87
Pulse Born,Automotive,495.1
Acme Store,Automotive,435.72
GreenLeaf Discover,Clothing,252.09
Willow Charge,Automotive,460.66
Acme Coach,Groceries,24.1
Nimbus Establish,Home & Kitchen,74.41
Nimbus Subject,Home & Kitchen,387.23
Willow Behind,Beauty,79.35
Acme Boy,Toys,113.67
Harbor Opportunity,Books,56.04
Willow Result,Pet Supplies,6.95
Pulse Receive,Books,5.67
Nimbus Mr,Pet Supplies,108.65
Astra Reveal,Books,37.4
Orion Thus,Electronics,423.67
Astra Discuss,Automotive,291.84
Solace Change,Clothing,108.39
Orion Film,Clothing,74.66
Astra Grow,Sports,208.05
Orion Chance,Pet Supplies,7.85
NeoTech Provide,Sports,103.54
Acme Improve,Toys,18.79
GreenLeaf Green,Pet Supplies,10.52
Pulse Idea,Groceries,11.8
Nimbus Surface,Beauty,83.41
Acme Common,Pet Supplies,50.96
Orion News,Home & Kitchen,225.99
Solace Follow,Beauty,6.79
Zenith Almost,Home & Kitchen,63.21
Pulse Next,Electronics,861.62
Nimbus Only,Home & Kitchen,54.42
Astra Lose,Beauty,218.42
GreenLeaf Later,Electronics,1413.41
Astra Remain,Groceries,18.47
Astra Federal,Books,38.79
NeoTech Method,Toys,121.71
Everest Fire,Clothing,257.15
Everest Police,Pet Supplies,60.29
Everest Find,Home & Kitchen,439.51
GreenLeaf Land,Home & Kitchen,126.93
Nimbus Gun,Home & Kitchen,244.16
NeoTech Pick,Pet Supplies,37.84
Zenith Stay,Beauty,135.76
Harbor Hear,Groceries,39
GreenLeaf Own,Groceries,5.35
Zenith Skin,Books,27.08
Harbor Develop,Pet Supplies,58.1
NeoTech Ask,Pet Supplies,5.28
NeoTech Anything,Toys,52.83
Astra Least,Books,115.46
GreenLeaf Student,Books,29.24
GreenLeaf Various,Clothing,130.95
Orion Pm,Home & Kitchen,167.79
GreenLeaf Need,Clothing,115.37
Solace Think,Beauty,10.76
Nimbus Significant,Sports,105.75
Everest Than,Home & Kitchen,353.65
Astra Great,Sports,61.6
Everest Opportunity,Groceries,28.92
Willow Sit,Pet Supplies,11.9
GreenLeaf Opportunity,Clothing,68.43
Astra Shake,Beauty,127.26
Zenith Stop,Pet Supplies,66.33
GreenLeaf Left,Groceries,18.64
Orion Take,Books,15.69
Solace Camera,Electronics,228.61
Zenith Total,Books,37.56
Everest Various,Home & Kitchen,17.06
Solace Different,Home & Kitchen,231.49
NeoTech Nearly,Clothing,65.06
Zenith Building,Pet Supplies,24.35
Pulse Boy,Sports,33
Everest Black,Electronics,982.1
Nimbus Next,Toys,74.6
Orion Final,Groceries,20.56
Nimbus Family,Electronics,1700.35
Harbor Who,Beauty,142.59
Willow Plant,Sports,18.57
Orion Role,Clothing,44.1
Nimbus Professional,Toys,14.96
Nimbus Congress,Clothing,76.15
Orion Debate,Electronics,712.19
Astra Dream,Sports,36.4
Everest Later,Toys,13.01
Zenith Gas,Pet Supplies,59.91
NeoTech While,Sports,181.71
Pulse From,Toys,40.79
Nimbus Whose,Books,22.53
GreenLeaf Significant,Sports,283.17
Willow Also,Home & Kitchen,191.79
Harbor Much,Automotive,133.02
Orion Break,Sports,55.28
Zenith Within,Clothing,199.79
Astra Hospital,Pet Supplies,92.17
Harbor Enjoy,Pet Supplies,60.33
Harbor Enter,Home & Kitchen,299.45
Astra Buy,Pet Supplies,62.62
Pulse Determine,Books,2.83
Everest Almost,Beauty,104.34
NeoTech Several,Groceries,9.97
GreenLeaf Body,Beauty,46.64
Willow Indeed,Clothing,22.21
Solace Level,Home & Kitchen,264.67
NeoTech Conference,Groceries,5.11
Nimbus Give,Sports,203.83
Willow Answer,Electronics,398.86
Nimbus Who,Books,36.16
Pulse Manage,Beauty,113.45
Astra Test,Clothing,148.44
Pulse Down,Groceries,21.2
Willow Property,Toys,100.66
Acme Owner,Books,15.21
Pulse Debate,Home & Kitchen,112.79
Zenith Baby,Clothing,115.81
NeoTech Security,Beauty,38.54
Harbor Necessary,Books,65.31
Orion Student,Sports,442.12
Harbor Cup,Clothing,90.57
GreenLeaf Learn,Beauty,111.42
Solace Future,Books,42.15
Harbor West,Sports,75.86
Willow Beyond,Home & Kitchen,208.34
Zenith Small,Electronics,177.88
NeoTech Throw,Electronics,538.42
Zenith Guy,Sports,105.34
Nimbus Should,Clothing,34.13
Nimbus Knowledge,Sports,101.36
Everest Child,Toys,11.93
Everest Despite,Home & Kitchen,201.55
Zenith Treatment,Toys,21.15
Nimbus Threat,Sports,253.68
Nimbus Those,Beauty,60.55
Willow Newspaper,Groceries,20.15
Pulse Money,Electronics,769.71
Acme Appear,Beauty,161.29
Orion Risk,Groceries,14.09
Harbor Medical,Clothing,17.96
GreenLeaf Relate,Beauty,111.37
Everest Station,Toys,71.29
GreenLeaf According,Books,28.04
NeoTech Difficult,Groceries,9.25
Astra Democrat,Electronics,554.93
Zenith Leader,Toys,29.55
Willow Out,Books,57.18
NeoTech Close,Sports,182.23
Nimbus Young,Beauty,167.72
Pulse Commercial,Clothing,21.52
Solace Republican,Pet Supplies,11.41
Astra Speak,Pet Supplies,19.24
Willow Exactly,Clothing,62.96
NeoTech Rise,Pet Supplies,6.85
Willow Use,Automotive,64.45
GreenLeaf Painting,Toys,63.48
Zenith Skill,Clothing,45.11
Zenith Foreign,Automotive,337.8
Zenith List,Home & Kitchen,102.1
Everest Rock,Clothing,36.54
Orion City,Beauty,115.63
Orion Now,Clothing,248.05
Pulse Understand,Sports,55.49
Willow Society,Home & Kitchen,292.19
Everest Region,Clothing,207.26
Pulse Idea,Books,46
Zenith History,Books,56.44
Nimbus Someone,Books,29.83
GreenLeaf Able,Home & Kitchen,154.28
Solace Budget,Sports,190.22
Zenith Rate,Pet Supplies,132.7
Everest National,Beauty,157.02
Acme Of,Electronics,1407.61
Solace Guess,Books,54.93
Orion And,Sports,167.07
Nimbus Watch,Toys,61.71
Zenith Hope,Sports,59.17
Everest End,Toys,16.86
Nimbus Hospital,Toys,95.02
Willow Exist,Clothing,23.79
Willow History,Beauty,101.93
Zenith Conference,Home & Kitchen,99.23
Everest High,Home & Kitchen,340.5
Nimbus Himself,Home & Kitchen,221.26
Orion Democrat,Home & Kitchen,190.38
Orion Interest,Groceries,16.79
Zenith Control,Electronics,925.17
Astra Where,Automotive,108.5
Pulse Site,Books,40.7
GreenLeaf Score,Pet Supplies,58.41
Harbor Those,Home & Kitchen,72.45
Astra Computer,Beauty,121.03
Pulse Or,Automotive,338
Zenith Air,Pet Supplies,9.8
NeoTech Peace,Books,19.22
Nimbus Development,Home & Kitchen,390.19
Zenith Look,Groceries,7.56
Solace His,Beauty,134.99
Nimbus You,Sports,307.54
Everest Beautiful,Home & Kitchen,318.63
Zenith Event,Beauty,137.49
Astra Bill,Books,85.22
Solace Tough,Home & Kitchen,44.29
Acme Action,Home & Kitchen,66.03
Zenith Friend,Books,15.87
Everest She,Pet Supplies,19.35
Astra Next,Toys,88.66
NeoTech Protect,Beauty,13.34
GreenLeaf Pull,Books,55.44
Astra Receive,Electronics,320.65
Willow Military,Books,82.84
Zenith Commercial,Toys,104.27
GreenLeaf History,Books,100.62
Everest Example,Beauty,29.5
Acme Consumer,Groceries,13.5
Nimbus Pass,Pet Supplies,4.68
Nimbus Analysis,Groceries,11.71
Solace Speak,Beauty,93.51
Acme Manage,Sports,343.78
Nimbus Word,Toys,52.18
Zenith Example,Sports,360.29
Pulse Economy,Pet Supplies,113.44
Zenith Dog,Clothing,83.17
Everest Since,Clothing,138.24
Everest Short,Groceries,9.32
GreenLeaf Visit,Toys,42.74
Zenith Nation,Books,42.5
GreenLeaf Side,Home & Kitchen,101.29
Astra Production,Beauty,108.27
Nimbus Successful,Pet Supplies,92.36
Pulse Physical,Automotive,300.24
Solace Car,Clothing,135.38
NeoTech Stuff,Home & Kitchen,93.1
Acme Indeed,Toys,28.51
Astra Free,Beauty,45.28
Harbor Race,Clothing,182.11
GreenLeaf Idea,Electronics,279.09
Orion Consider,Groceries,9.49
Astra Daughter,Toys,7.92
GreenLeaf Call,Electronics,865.55
Pulse Pass,Books,52.95
Harbor Defense,Groceries,29.41
Acme Pass,Toys,142.94
NeoTech Practice,Home & Kitchen,59.97
Pulse Claim,Toys,45.74
Astra Small,Electronics,612.23
Willow A,Sports,210.39
Harbor Audience,Pet Supplies,104.55
Acme Give,Sports,150.4
Solace Show,Automotive,874.11
Nimbus Seven,Beauty,32.11
GreenLeaf Argue,Clothing,43.85
Acme Provide,Books,14.99
GreenLeaf Save,Automotive,94.4
Nimbus Everything,Pet Supplies,4.87
Everest Beautiful,Toys,76.4
GreenLeaf Century,Pet Supplies,64.23
Zenith Rise,Automotive,130.31
Everest Benefit,Clothing,86.47
Acme Group,Electronics,1816.28
Willow Age,Clothing,105.35
NeoTech Investment,Automotive,293.47
Everest Try,Beauty,63.98
Zenith Study,Books,19.76
Pulse Off,Books,26.05
Astra Federal,Pet Supplies,6.52
Pulse Six,Toys,27.91
Everest Parent,Sports,235.46
Solace Option,Automotive,926.15
Pulse Wait,Clothing,76.67
Orion Coach,Electronics,649.28
Pulse Run,Toys,20.06
Astra Strong,Beauty,195.39
Nimbus Sell,Sports,165.03
Willow Student,Pet Supplies,23.33
Nimbus Radio,Books,60.39
Harbor Strong,Automotive,501.37
Orion Red,Automotive,638.51
Acme Black,Toys,10.61
Pulse For,Pet Supplies,71.4
Solace Party,Sports,89.02
Harbor Size,Automotive,675.42
Zenith Hotel,Clothing,76.18
Harbor By,Electronics,367.54
Harbor Than,Home & Kitchen,319.47
Nimbus Culture,Clothing,168.02
Acme Personal,Toys,36.42
GreenLeaf Evidence,Pet Supplies,79.6
Solace Treat,Toys,84.7
Pulse Yeah,Automotive,370.64
Orion Structure,Sports,224.01
GreenLeaf Seem,Pet Supplies,21.11
Everest Side,Sports,192.22
Acme Push,Beauty,21.12
Astra Cost,Pet Supplies,17.6
Zenith Whole,Toys,152.1
Orion Clearly,Automotive,496.78
Harbor Investment,Automotive,114.54
Acme Keep,Electronics,1708.2
Nimbus Stage,Automotive,541.92
Orion Paper,Toys,15.22
GreenLeaf Reveal,Groceries,26.34
Pulse Range,Automotive,113.14
Willow Bring,Clothing,29.92
Everest Particularly,Sports,158.55
Acme Them,Pet Supplies,27.23
Nimbus Morning,Groceries,18.5
NeoTech Interesting,Home & Kitchen,368.82
GreenLeaf Concern,Groceries,3.96
Acme Trip,Toys,75.81
GreenLeaf Job,Groceries,1.11
Orion Even,Home & Kitchen,318.23
Harbor Action,Beauty,35.1
Solace Glass,Automotive,110.1
Solace Ready,Electronics,1176
Everest Represent,Pet Supplies,48.4
Nimbus Politics,Home & Kitchen,204.47
GreenLeaf Century,Clothing,186.13
Astra My,Home & Kitchen,349.01
GreenLeaf Condition,Electronics,667.59
Everest It,Beauty,26.39
NeoTech Girl,Home & Kitchen,194.49
Zenith Form,Pet Supplies,62.05
Solace Situation,Home & Kitchen,112.22
Astra Another,Toys,26
Nimbus Under,Beauty,208.74
Everest Unit,Sports,142.68
Zenith Too,Sports,110.33
Solace Really,Electronics,536.33
GreenLeaf Window,Clothing,97.46
Harbor Other,Books,31.39
Everest Economic,Groceries,22.55
Astra Style,Books,49.84
Acme Factor,Electronics,273.91
Astra Nation,Books,53.24
Solace Through,Automotive,384.4
NeoTech Network,Beauty,134.95
GreenLeaf Charge,Home & Kitchen,293.24
GreenLeaf Measure,Toys,52.92
NeoTech Build,Clothing,104.02
Astra Move,Electronics,244.36
Zenith Forget,Groceries,20.92
Astra Into,Electronics,412.67
NeoTech Production,Clothing,109.92
Pulse Miss,Beauty,133.58
Solace Around,Beauty,34
Orion View,Clothing,49.66
Everest Miss,Automotive,570.57
Pulse Treat,Electronics,1236.42
NeoTech Receive,Books,52.87
Nimbus Check,Beauty,97.69
Acme Like,Clothing,86.34
Nimbus City,Automotive,639.96
GreenLeaf The,Home & Kitchen,63.08
Zenith Pm,Clothing,92.23
Nimbus State,Sports,121.64
Everest Shake,Beauty,70.13
Orion Mention,Books,73.39
Nimbus For,Electronics,704.46
Everest Read,Books,3.69
Harbor Fill,Electronics,270.47
Acme Arrive,Pet Supplies,88.68
Nimbus Today,Electronics,1248.13
Pulse Bad,Toys,71.01
Willow Continue,Beauty,126.37
Willow Remain,Clothing,128.37
GreenLeaf Authority,Electronics,254.08
Astra Leader,Beauty,44.38
Willow At,Books,2.72
Pulse Act,Groceries,3.57
Harbor Town,Beauty,6.75
Acme Information,Electronics,1511.11
Nimbus Affect,Books,39.34
Solace Resource,Toys,31.72
Zenith Lead,Toys,94.95
NeoTech Guess,Automotive,236.7
Acme Gun,Home & Kitchen,153.06
Zenith North,Beauty,20.41
Willow Perform,Pet Supplies,57.87
Everest Response,Clothing,185.46
Everest Network,Groceries,19.51
Harbor Much,Sports,226.24
Everest Show,Toys,114.03
Pulse Sell,Clothing,22.48
Everest Family,Automotive,327.68
Harbor Wind,Pet Supplies,50.78
Orion Above,Electronics,775.52
Nimbus Size,Pet Supplies,155.4
Solace Somebody,Pet Supplies,31.43
NeoTech Identify,Pet Supplies,85.27
Astra Page,Beauty,9.58
Harbor Think,Clothing,20.4
Everest Real,Clothing,69.1
Pulse Study,Clothing,41.51
NeoTech Eye,Pet Supplies,27.19
Astra Clearly,Clothing,56.05
Nimbus Seven,Books,8.89
Nimbus Condition,Toys,42.19
Pulse Bad,Pet Supplies,94.61
Harbor None,Pet Supplies,35.82
Acme View,Automotive,134.24
Harbor Bar,Toys,49.7
Orion Down,Toys,111.12
Solace Environmental,Books,13.24
Acme Attack,Toys,62.47
Solace Activity,Pet Supplies,95.98
Zenith Game,Toys,87.48
Acme Whether,Automotive,359.12
Pulse Piece,Books,40.14
Zenith Might,Sports,228.3
Willow Agree,Clothing,168
NeoTech Nice,Toys,62.1
GreenLeaf News,Books,44.55
Acme Bank,Beauty,26.1
Astra Congress,Toys,9.98
Solace Discover,Groceries,26.15
Willow Prove,Automotive,434.67
Acme Whom,Pet Supplies,24.98
Everest Voice,Pet Supplies,31.7
Orion Stand,Clothing,173.34
GreenLeaf Item,Electronics,953.03
Harbor Crime,Toys,72.33
Nimbus Standard,Beauty,35.08
Willow Religious,Electronics,484.18
Nimbus Financial,Electronics,1205.1
Astra Herself,Clothing,125.02
GreenLeaf Carry,Clothing,232.34
Willow Walk,Pet Supplies,58.46
Orion Listen,Toys,86.16
Solace Time,Groceries,24.2
Orion Smile,Clothing,205.74
Solace Song,Electronics,680.15
Willow Leader,Home & Kitchen,408.71
Pulse Author,Toys,56.6
Orion Adult,Beauty,134.54
Willow Indicate,Books,42.15
Orion Range,Sports,159.14
Orion Get,Automotive,974.16
Acme Traditional,Clothing,166.22
Astra All,Clothing,36.08
Harbor Today,Clothing,247.47
Nimbus Report,Beauty,83.11
Harbor National,Clothing,23.92
Acme Mind,Clothing,26.79
Willow Cell,Books,52.53
Nimbus Nature,Groceries,8.6
Harbor Art,Beauty,111.06
Orion Unit,Toys,72.45
Zenith Strong,Pet Supplies,24.43
NeoTech Able,Groceries,8.06
Acme Option,Home & Kitchen,63.08
Zenith Need,Electronics,479.8
Acme School,Books,17.57
NeoTech Develop,Books,35.24
Zenith Performance,Pet Supplies,81.32
Nimbus These,Clothing,57.65
Harbor Simple,Books,67.27
Harbor Probably,Automotive,548.83
Pulse Daughter,Pet Supplies,34.32
NeoTech Who,Home & Kitchen,239.55
NeoTech Finally,Home & Kitchen,51.57
NeoTech Second,Toys,31.98
Nimbus Whole,Groceries,11.14
Willow Recent,Automotive,226.36
Acme Year,Home & Kitchen,165.89
Astra Finally,Clothing,97.68
Zenith Road,Automotive,157.67
GreenLeaf Mean,Clothing,60.83
Nimbus Serve,Books,67.08
Pulse Two,Automotive,18.23
Everest Cultural,Beauty,121.17
GreenLeaf Plan,Automotive,685.59
Acme Room,Sports,366.84
Acme Part,Sports,113.75
Nimbus Present,Pet Supplies,53.5
Harbor City,Clothing,185.03
Pulse Decide,Electronics,422.22
Everest Deep,Electronics,264.08
Orion Voice,Toys,81.52
NeoTech Standard,Sports,119.52
Zenith Glass,Toys,110.71
NeoTech Decide,Clothing,168.44
GreenLeaf Image,Sports,158.06
Willow Very,Beauty,74.5
GreenLeaf Everybody,Clothing,183.87
Willow Eat,Beauty,131.16
Harbor Nature,Sports,146.17
Orion Thought,Clothing,132.71
Solace Job,Toys,15.04
Astra Begin,Sports,51.33
Harbor Television,Home & Kitchen,94.58
Acme American,Electronics,725.63
Pulse Season,Automotive,376.18
Acme Effort,Groceries,20.23
Willow Commercial,Groceries,24.09
Orion Thought,Books,56.03
GreenLeaf Couple,Home & Kitchen,134.17
Harbor Gas,Sports,401.23
GreenLeaf It,Home & Kitchen,441.04
Nimbus Somebody,Sports,215.65
Astra Find,Sports,139.02
Willow Nation,Pet Supplies,15.29
Nimbus Whose,Automotive,606.7
Pulse Sea,Automotive,886.77
Acme Democratic,Automotive,670.63
Orion Instead,Home & Kitchen,29.52
Nimbus Nice,Groceries,9.1
Zenith Factor,Beauty,48.64
NeoTech Direction,Groceries,29.68
GreenLeaf Measure,Toys,67.1
Astra Worker,Pet Supplies,87.91
Zenith Baby,Groceries,36.53
Harbor Risk,Groceries,34.1
NeoTech Later,Toys,78.36
GreenLeaf Fight,Pet Supplies,56.26
Zenith Although,Sports,116.26
Willow Including,Beauty,97.78
Pulse Real,Groceries,21.1
Willow Back,Sports,97.59
GreenLeaf Card,Pet Supplies,42.91
Pulse Paper,Toys,85.46
Nimbus Environment,Toys,47.08
Solace Star,Toys,32.73
Acme Happy,Beauty,26.49
NeoTech Building,Pet Supplies,54.46
GreenLeaf A,Electronics,462.76
Orion Head,Pet Supplies,72.71
Orion Group,Electronics,2337.85
Solace Bit,Books,72
Pulse Manage,Automotive,189.79
Orion Sign,Toys,32.13
Harbor Meeting,Pet Supplies,97.63
Solace Subject,Home & Kitchen,231.62
Acme Radio,Sports,81.74
Astra Upon,Toys,20.58
Astra Space,Home & Kitchen,98.55
Willow Value,Toys,33.99
Nimbus Girl,Books,65.35
Acme Military,Home & Kitchen,47.82
Pulse Goal,Home & Kitchen,140.3
NeoTech Change,Groceries,6.52
Everest Table,Sports,122.6
Harbor Size,Books,19.35
Zenith He,Home & Kitchen,19.4
NeoTech Bring,Electronics,1206.17
Solace Give,Pet Supplies,55.21
Nimbus Learn,Beauty,69.43
Nimbus Hot,Toys,32.43
Willow Production,Automotive,273.71
Astra Last,Pet Supplies,96.95
Pulse Attention,Sports,167.45
Orion Network,Pet Supplies,24.37
Astra City,Pet Supplies,70.32
Acme Clear,Home & Kitchen,236.97
Acme Computer,Electronics,401.3
GreenLeaf Remember,Books,83.52
Zenith Now,Pet Supplies,42.57
Willow Blood,Automotive,658.02
Solace Across,Clothing,25.1
Acme Memory,Clothing,157
Willow Discuss,Clothing,111.58
GreenLeaf Cut,Clothing,20.32
Astra Later,Automotive,687.01
Everest Modern,Books,35.56
Harbor Cup,Groceries,18.37
Harbor Several,Groceries,21.02
Everest Drive,Toys,19.68
GreenLeaf Current,Automotive,654.76
Willow Place,Groceries,25.48
Nimbus Bag,Beauty,70.34
Everest Century,Sports,163.08
Harbor Cost,Automotive,661.52
Solace So,Sports,226.85
Harbor Suggest,Pet Supplies,61.9
Pulse Consider,Groceries,20.31
Pulse Five,Sports,78.26
Astra Idea,Beauty,71.72
Acme South,Groceries,9.31
Solace Close,Automotive,698.45
Everest May,Clothing,274.66
Zenith By,Toys,40.92
Everest Some,Groceries,32.78
Acme Off,Electronics,295.84
Harbor Buy,Electronics,1151.47
Astra Tend,Clothing,106.52
NeoTech Body,Sports,133.34
Astra A,Toys,12.65
Acme Art,Pet Supplies,54.77
Willow Tree,Groceries,21.25
Orion Style,Beauty,53.88
Everest Push,Electronics,1603.75
Everest Unit,Groceries,18.15
Nimbus Market,Pet Supplies,19.41
Solace Billion,Automotive,398.82
Pulse Rise,Electronics,1131.3
Everest Miss,Groceries,6.58
Solace Per,Home & Kitchen,23.87
Acme Behavior,Books,53.19
Orion Machine,Books,30.59
NeoTech Agent,Pet Supplies,64.46
Everest Meet,Home & Kitchen,23.58
Pulse Possible,Home & Kitchen,244.36
Zenith Hot,Books,43.24
Everest So,Sports,32.25
Acme Wide,Pet Supplies,66.46
Astra Purpose,Books,79.42
GreenLeaf Single,Groceries,16.74
Orion Save,Automotive,66.52
Everest Drug,Clothing,19.08
Nimbus See,Groceries,10.49
NeoTech Laugh,Electronics,564.72
Harbor Opportunity,Toys,27.46
Nimbus Level,Automotive,223.92
Harbor Source,Clothing,54.74
Everest Age,Books,49.76
Acme Cause,Sports,57.46
Solace Share,Sports,112.19
Solace Never,Electronics,443.67
Everest She,Books,25.73
Harbor Night,Clothing,209.1
Willow Peace,Automotive,676.95
Acme Mention,Pet Supplies,12.81
Acme Majority,Home & Kitchen,405.41
Zenith Member,Beauty,118.17
Acme Pm,Clothing,182.33
GreenLeaf Meet,Home & Kitchen,438.35
Orion Pull,Sports,32.46
Willow Interesting,Toys,69.15
Astra Many,Pet Supplies,48.22
Acme Him,Electronics,1290.2
Willow Spring,Automotive,1047.18
Zenith Appear,Groceries,10.78
Pulse Seem,Beauty,28.49
Solace Glass,Electronics,542.86
Orion Late,Sports,210.15
Astra Yes,Automotive,80.56
GreenLeaf Whatever,Toys,81.68
Acme Miss,Electronics,917.59
Solace Fund,Beauty,72.4
GreenLeaf Save,Pet Supplies,44.54
Everest Early,Pet Supplies,93.43
Astra Pull,Electronics,2338.13
Solace Policy,Sports,270.77
Harbor Hospital,Clothing,168.25
GreenLeaf Visit,Groceries,3.42
Harbor Case,Beauty,150.45
Zenith Might,Groceries,12.31
Acme Figure,Home & Kitchen,263.8
Solace Group,Pet Supplies,82.85
GreenLeaf About,Home & Kitchen,183.58
Orion Daughter,Toys,54.61
Nimbus Imagine,Home & Kitchen,15.62
Zenith Different,Toys,79.55
Pulse Security,Electronics,1075.65
Solace Growth,Home & Kitchen,130
Nimbus Deal,Books,22.47
Nimbus Want,Toys,5.98
Willow Court,Beauty,22.15
NeoTech Fine,Groceries,17.03
Pulse Degree,Home & Kitchen,225
NeoTech Opportunity,Clothing,28.05
Nimbus Every,Home & Kitchen,90.82
Pulse Front,Toys,41.15
Zenith Lot,Clothing,157.61
Pulse But,Pet Supplies,49.09
Astra Beyond,Electronics,871.92
Zenith Their,Electronics,1599.98
Acme If,Electronics,598.07
Nimbus Tonight,Electronics,472.13
NeoTech Customer,Clothing,196.49
NeoTech Market,Beauty,108.8
Orion Rate,Groceries,24.61
Harbor Wonder,Clothing,123.01
Willow Around,Beauty,32.02
Acme Up,Automotive,538.47
Nimbus Raise,Home & Kitchen,98.25
Harbor Third,Beauty,64.95
Zenith Structure,Home & Kitchen,307.27
Pulse Eight,Automotive,297.23
Acme Paper,Sports,90.37
GreenLeaf Happen,Groceries,27.14
Zenith Enter,Automotive,260.64
Zenith Way,Toys,51.94
Nimbus Time,Home & Kitchen,154.29
GreenLeaf More,Sports,98.53
Zenith Decade,Groceries,19.97
Nimbus Cost,Electronics,250.79
Harbor Which,Home & Kitchen,152.24
Willow Protect,Electronics,704.13
Harbor Foreign,Automotive,68.33
Everest Own,Beauty,31.17
Solace Civil,Automotive,160.18
Harbor Describe,Books,37.33
Pulse Take,Automotive,139.06
Zenith Large,Clothing,114.4
Astra Likely,Automotive,687.51
Orion Page,Home & Kitchen,249.07
Acme Wrong,Clothing,18.31
Astra Act,Electronics,985.35
Orion Night,Groceries,1.78
Astra College,Home & Kitchen,364.29
Zenith Black,Automotive,111.61
Harbor Avoid,Groceries,16.71
GreenLeaf Course,Groceries,14.44
Solace Let,Clothing,220.52
Everest Church,Beauty,58.95
NeoTech Person,Books,19.14
Solace Democratic,Toys,74.93
Solace Owner,Home & Kitchen,215.69
Orion Enter,Clothing,20.74
Harbor By,Groceries,21.91
Astra Type,Groceries,11.95
Willow Firm,Beauty,49.87
Acme Idea,Sports,259.72
Astra Son,Sports,223.08
Willow Choose,Pet Supplies,15.26
GreenLeaf List,Books,33.06
Nimbus Investment,Sports,322.77
Harbor Another,Beauty,152.38
GreenLeaf Computer,Toys,8.2
GreenLeaf Old,Books,117.92
Orion Vote,Toys,85.64
Pulse A,Sports,17.57
Pulse Result,Electronics,1071.83
Zenith Fly,Pet Supplies,13.03
Harbor Decade,Sports,12.42
Acme So,Toys,33.05
Zenith Again,Toys,143.9
Pulse Indeed,Beauty,103.67
Willow Sing,Groceries,22.26
Pulse Interesting,Electronics,1663.12
Pulse Start,Home & Kitchen,85.79
Nimbus Eat,Books,16.35
Harbor Movie,Home & Kitchen,305
Astra Water,Automotive,894.8
Willow Attorney,Sports,96.96
Nimbus Minute,Beauty,74.08
Nimbus Lose,Toys,92.24
Orion Occur,Electronics,1003.65
Nimbus At,Beauty,13.85
NeoTech May,Groceries,5.79
Solace We,Groceries,5.5
Harbor Against,Electronics,1181.64
NeoTech Style,Books,50.15
Everest Design,Clothing,150.71
Willow Responsibility,Electronics,338.49
Harbor Two,Home & Kitchen,305.16
Orion Writer,Beauty,98.52
NeoTech Better,Beauty,127.21
Willow Even,Automotive,694.64
GreenLeaf High,Electronics,521
NeoTech Son,Beauty,145.87
NeoTech Team,Home & Kitchen,82.68
Nimbus Bank,Electronics,244.29
NeoTech More,Home & Kitchen,170.53
Orion Push,Pet Supplies,65.95
Willow Past,Home & Kitchen,264.04
NeoTech Yourself,Sports,124.59
Zenith Begin,Electronics,363.12
Nimbus Last,Home & Kitchen,114.57
Orion Number,Electronics,1338.53
GreenLeaf Know,Clothing,96.51
Zenith Media,Home & Kitchen,178.31
Harbor Return,Electronics,697.07
Orion Position,Home & Kitchen,62.75
Solace Hundred,Pet Supplies,51.8
Nimbus Military,Automotive,247.43
Zenith Begin,Beauty,98.79
Zenith Sit,Pet Supplies,32.07
Pulse Drop,Clothing,79.18
NeoTech Car,Home & Kitchen,19.55
Acme Two,Beauty,22.62
Solace School,Clothing,175.11
Harbor Hear,Books,96.56
Orion Well,Groceries,20.26
Nimbus When,Books,18.38
Acme Institution,Books,18.26
Everest Compare,Sports,88.97
Willow Stuff,Beauty,12.66
Zenith Price,Books,99.26
Everest Child,Home & Kitchen,103.97
GreenLeaf Rule,Clothing,18.65
Willow Never,Groceries,12.97
Solace Peace,Sports,61.86
Everest Stock,Sports,294.72
Solace Cell,Home & Kitchen,416.24
Solace Education,Sports,180.9
Acme Recently,Groceries,30.76
Zenith Memory,Clothing,208.75
NeoTech Attack,Home & Kitchen,179.46
Willow Reach,Electronics,815.47
Zenith Wait,Sports,30.81
Orion Among,Toys,22.4
Orion Increase,Electronics,610.48
Harbor Ability,Sports,107.38
Solace Discuss,Sports,237.68
Astra Player,Groceries,1.72
Astra Question,Groceries,21.71
Pulse Throughout,Pet Supplies,66.6
Pulse Road,Beauty,129.7
Nimbus Word,Electronics,1835.32
Acme Fill,Toys,64.63
Harbor Pick,Clothing,21.74
Solace Commercial,Groceries,26.74
Zenith Turn,Groceries,17.65
Astra Study,Toys,61.06
Acme Four,Groceries,9.98
Orion Once,Home & Kitchen,157.51
Pulse Direction,Toys,43.64
Pulse Street,Home & Kitchen,73.31
Zenith Team,Pet Supplies,26.76
Solace Part,Pet Supplies,15.63
Astra Can,Groceries,16.88
Orion Near,Home & Kitchen,283.47
Harbor Allow,Electronics,689.05
Everest Memory,Pet Supplies,58.11
Willow Early,Toys,5.53
Nimbus Us,Toys,134.65
Astra Cell,Beauty,37.71
Zenith Anyone,Pet Supplies,63.61
Harbor Would,Home & Kitchen,97.36
NeoTech Plant,Automotive,88.34
Orion Player,Home & Kitchen,393.93
GreenLeaf Or,Automotive,531.53
Zenith War,Beauty,28.52
Pulse All,Automotive,600.89
Willow Radio,Pet Supplies,8.24
GreenLeaf Realize,Books,66.98
Pulse Major,Home & Kitchen,9.28
Harbor Be,Clothing,49.21
Nimbus Enough,Sports,12.47
Nimbus Nice,Toys,55.11
GreenLeaf No,Pet Supplies,59.93
Solace Well,Groceries,7.42
Everest Really,Beauty,96.55
NeoTech Food,Groceries,2.48
Pulse Skin,Pet Supplies,28.04
Willow Rich,Electronics,697.76
NeoTech Job,Clothing,79.93
NeoTech Knowledge,Books,38.21
GreenLeaf Age,Books,46.87
Harbor Last,Toys,108.97
Orion Begin,Automotive,36.52
Willow Surface,Home & Kitchen,188.55
GreenLeaf System,Electronics,1260.68
Solace Color,Groceries,3.13
Willow Experience,Electronics,1477.45
Orion Season,Toys,12.46
Solace All,Sports,168.03
NeoTech Great,Pet Supplies,35.41
GreenLeaf Into,Toys,49.59
Nimbus Morning,Sports,488.59
Everest Manage,Groceries,11.4
NeoTech Huge,Home & Kitchen,204.78
Solace Agree,Groceries,44.83
Pulse Positive,Clothing,166.04
Zenith Environmental,Groceries,15.79
Nimbus Many,Home & Kitchen,470.89
Harbor Foot,Sports,14.81
Astra Collection,Clothing,99.47
GreenLeaf Design,Sports,148.87
Zenith Reduce,Books,25.57
Harbor Accept,Beauty,71.41
Zenith Husband,Toys,31.98
Nimbus When,Clothing,67.54
GreenLeaf Happen,Electronics,1233.14
GreenLeaf Even,Books,48.72
Harbor Thought,Toys,14.59
NeoTech Truth,Home & Kitchen,270.85
GreenLeaf Reveal,Pet Supplies,76.91
Zenith Red,Books,42.45
Nimbus Job,Toys,71.59
Harbor Discuss,Groceries,37.59
Astra Who,Books,46.57
Nimbus Small,Automotive,854.8
Nimbus Our,Pet Supplies,97.42
Solace How,Electronics,490.48
Willow Add,Automotive,337.06
Willow World,Electronics,1411.81
NeoTech Reveal,Automotive,229.68
Acme President,Toys,80.87
Orion Western,Home & Kitchen,97.57
Harbor May,Clothing,59.96
NeoTech Participant,Home & Kitchen,45.32
Nimbus Guess,Sports,112.28
NeoTech Clearly,Toys,50.17
Nimbus Start,Toys,40.03
Everest Raise,Pet Supplies,133.78
Solace High,Books,83.6
Willow Wall,Beauty,123.68
NeoTech Heart,Books,9.74
Nimbus Court,Beauty,83.98
Nimbus Bad,Toys,77.34
Harbor Forget,Clothing,39.32
NeoTech Toward,Sports,422.63
Willow Community,Electronics,1194.94
GreenLeaf Size,Toys,64.27
Orion Why,Beauty,98.92
Solace Loss,Pet Supplies,43.98
Solace Movie,Beauty,62.28
Orion Hit,Clothing,187.33
Pulse Can,Beauty,153.71
Zenith Wrong,Beauty,29.9
NeoTech Clear,Pet Supplies,63.38
Harbor Forward,Clothing,126.29
Pulse Politics,Books,40.6
Zenith About,Pet Supplies,66.74
Solace And,Clothing,108.57
Zenith Sign,Beauty,56.18
Astra Measure,Automotive,763.65
Zenith Without,Toys,9.53
Solace But,Toys,45.66
Acme Answer,Clothing,80.66
Harbor Pick,Toys,14.7
Nimbus Property,Toys,92.89
Astra Moment,Toys,92.91
Everest College,Toys,84.37
Harbor Mrs,Toys,60.63
Astra Without,Clothing,114.51
Astra Establish,Sports,13.29
GreenLeaf Be,Clothing,54.36
Solace Miss,Automotive,375.91
Nimbus Drug,Automotive,864.19
Orion Identify,Books,31.28
Zenith Choice,Home & Kitchen,373.9
Willow Turn,Sports,38.14
Solace Most,Toys,52.93
Solace Throw,Home & Kitchen,195.3
Zenith Argue,Toys,46.89
Harbor Group,Sports,208.6
Harbor Different,Pet Supplies,28.38
Orion Response,Beauty,81.49
Everest Well,Books,16.45
Nimbus Run,Electronics,1077.43
Everest System,Home & Kitchen,13.72
Orion Skill,Beauty,66.97
Solace Change,Toys,65.6
Pulse Five,Electronics,828.09
Willow Data,Sports,27.24
GreenLeaf Mr,Beauty,56.87
GreenLeaf Analysis,Books,50.42
GreenLeaf Approach,Groceries,23.32
Willow Fill,Groceries,13.34
GreenLeaf Interview,Clothing,61.39
Acme Process,Groceries,3.61
NeoTech Act,Toys,31.04
Willow Mean,Sports,168.63
NeoTech Hair,Pet Supplies,65.37
Harbor Professor,Groceries,34.59
Orion Moment,Books,27.08
Nimbus Black,Books,25.77
Solace Personal,Beauty,156.31
Solace Including,Home & Kitchen,386.33
Solace Section,Home & Kitchen,260.9
NeoTech Occur,Toys,84.48
Astra Key,Beauty,54.86
Orion Break,Automotive,535.69
GreenLeaf Likely,Pet Supplies,70.7
Harbor Visit,Automotive,741.92
Orion Young,Beauty,34.69
GreenLeaf Just,Home & Kitchen,326.01
Orion Second,Pet Supplies,103.47
Nimbus List,Pet Supplies,114.32
Everest Also,Electronics,921
Astra Family,Clothing,94.95
Astra Early,Books,54.01
Acme Popular,Beauty,84.98
Harbor Production,Clothing,75.16
GreenLeaf Billion,Pet Supplies,40.72
Astra Tend,Beauty,68.39
Orion Wrong,Automotive,631.36
Harbor Development,Toys,96.63
Harbor Where,Toys,62.74
Zenith Center,Toys,48.15
Nimbus Task,Groceries,19.99
Orion Film,Books,54.48
Orion Strategy,Beauty,100.06
GreenLeaf Say,Pet Supplies,43.4
Acme Sense,Beauty,33.11
Orion Ten,Beauty,82.69
GreenLeaf Last,Pet Supplies,13.6
Acme Modern,Books,27.65
Willow Store,Beauty,46.5
Pulse Interesting,Clothing,95.81
Orion Theory,Sports,283.47
Pulse Gas,Books,20.06
Harbor Movement,Automotive,213.25
Harbor Beat,Clothing,38.92
Acme Student,Sports,173.25
Everest Summer,Beauty,82.39
Solace Make,Electronics,815.01
Orion Particularly,Clothing,92.28
Astra Owner,Electronics,1993.95
Harbor Few,Pet Supplies,63.96
Harbor Month,Groceries,22.11
NeoTech Particular,Home & Kitchen,122.6
Willow Pressure,Home & Kitchen,61.86
Harbor Free,Clothing,113.22
Solace Evening,Books,43.13
Astra Guy,Automotive,93.21
Everest Professional,Groceries,19.17
Pulse Few,Clothing,15.03
Willow We,Automotive,710.57
NeoTech Nature,Clothing,181.88
Harbor Success,Sports,20.14
Harbor Look,Home & Kitchen,164.35
GreenLeaf Sea,Groceries,20.84
Willow Position,Automotive,293.83
Astra Special,Toys,65.46
NeoTech Civil,Toys,29.34
Willow Several,Automotive,314.95
GreenLeaf Give,Sports,171.06
Everest Dog,Home & Kitchen,269.98
Nimbus Top,Groceries,21.3
Zenith Town,Electronics,513.63
Zenith Believe,Automotive,157.95
Nimbus Foreign,Books,40.7
Orion Bag,Beauty,86.41
Astra Reveal,Books,49.62
Astra This,Beauty,121.55
Willow At,Sports,343.39
Pulse Certainly,Toys,95.08
Solace Strong,Toys,79.25
Acme Far,Books,10.45
Nimbus Line,Home & Kitchen,218.95
Astra Option,Home & Kitchen,183.59
Willow Open,Books,44.71
NeoTech List,Sports,70.68
Astra Support,Clothing,52.89
Everest Exactly,Home & Kitchen,318.64
Zenith Part,Pet Supplies,55.76
Astra Here,Beauty,223.69
GreenLeaf Network,Toys,29.3
Harbor Improve,Groceries,26.31
GreenLeaf Less,Automotive,373.48
Zenith Certainly,Books,3.45
GreenLeaf Process,Automotive,990.68
NeoTech Democrat,Clothing,114.66
Astra Mean,Electronics,371.46
Solace News,Automotive,660.72
Astra Avoid,Beauty,56.11
GreenLeaf Bill,Clothing,85.29
Everest Few,Groceries,11.44
Nimbus Attorney,Home & Kitchen,187.75
Acme Rich,Sports,238.36
Harbor Somebody,Pet Supplies,43.57
Acme Blood,Groceries,17.5
Astra Benefit,Clothing,41.44
Pulse Guy,Sports,243.43
Nimbus Camera,Automotive,344.62
NeoTech My,Automotive,155.2
Harbor Together,Automotive,669.84
Harbor Eye,Books,36.92
Zenith Argue,Toys,63.88
Solace Hundred,Pet Supplies,47.35
Zenith Word,Home & Kitchen,417.75
Pulse Would,Electronics,1221.59
NeoTech Despite,Sports,55.11
Zenith Garden,Books,54.22
Harbor Statement,Groceries,6.07
Pulse Scene,Books,28.43
Harbor Almost,Pet Supplies,39.6
GreenLeaf Project,Beauty,118.11
Harbor Mother,Toys,40.8
Acme May,Beauty,26.07
Harbor Onto,Electronics,1226.78
Pulse Weight,Automotive,354.29
Zenith Should,Clothing,108.38
Solace Know,Automotive,598.27
Harbor Significant,Home & Kitchen,505.82
Nimbus Or,Home & Kitchen,189.88
Zenith Left,Beauty,178.76
Pulse Natural,Home & Kitchen,91.33
Willow Service,Sports,77.63
GreenLeaf Study,Sports,58.83
NeoTech Leader,Automotive,29.08
Harbor Much,Pet Supplies,30.01
Solace Top,Pet Supplies,46.12
Willow Pressure,Toys,83.14
Zenith Happy,Electronics,951.69
Harbor Doctor,Books,8.44
Pulse Production,Beauty,28.37
Astra Happen,Beauty,111.79
Orion Fund,Beauty,104.54
Everest Great,Sports,342.98
NeoTech Town,Automotive,212.1
Orion Method,Clothing,88.87
Willow Against,Groceries,7.41
NeoTech Writer,Sports,161.15
Zenith Rate,Toys,40.71
Orion Former,Toys,88.39
Astra Write,Groceries,11.31
Nimbus Place,Electronics,651.6
Nimbus Sound,Books,22.36
GreenLeaf East,Beauty,25.96
Astra Deal,Toys,109.35
Pulse Pm,Electronics,624.52
GreenLeaf Deal,Pet Supplies,20.68
Harbor Act,Beauty,166.37
Harbor Per,Pet Supplies,37.9
Astra Cup,Pet Supplies,77.99
Astra Key,Electronics,475.65
Pulse Lose,Electronics,850.61
Acme Key,Home & Kitchen,151.5
Zenith Ago,Books,52.1
Zenith Like,Books,46.59
Everest Now,Pet Supplies,40
Orion Total,Clothing,158.04
Zenith Society,Sports,153.2
Nimbus Economic,Toys,119.02
Solace Lead,Electronics,992.56
NeoTech Often,Books,18.45
Acme Soldier,Clothing,262.79
Astra Cost,Beauty,52.25
Harbor Power,Electronics,944.56
Acme Take,Clothing,207.25
Orion Follow,Automotive,598.63
Nimbus Agree,Automotive,746.51
Willow Wind,Books,17.28
Willow Dark,Pet Supplies,71.02
NeoTech Interesting,Automotive,126.6
Harbor Return,Electronics,1206.27
NeoTech Score,Clothing,142.27
Nimbus Support,Home & Kitchen,186.05
Harbor Thousand,Sports,317.38
Pulse Ok,Electronics,1016.69
Everest Reach,Beauty,30.09
GreenLeaf Reduce,Pet Supplies,93.58
GreenLeaf Push,Books,52.29
Harbor Discover,Books,51.45
Zenith Firm,Electronics,720.05
NeoTech Into,Toys,61.14
Zenith Reduce,Home & Kitchen,40.8
Everest Truth,Beauty,104.12
GreenLeaf Present,Clothing,233.7
Zenith Board,Beauty,128.53
Harbor Issue,Clothing,130.87
Pulse Chair,Sports,205
Acme Likely,Automotive,818.59
Harbor Draw,Toys,43.7
Pulse Require,Groceries,6.6
Zenith Along,Pet Supplies,29.67
Astra On,Clothing,134.22
Orion Defense,Clothing,117.09
Willow Result,Electronics,2035.42
Pulse Behavior,Beauty,150.71
NeoTech Whom,Books,42.34
NeoTech Collection,Sports,125.28
Pulse Race,Pet Supplies,49.15
NeoTech Admit,Electronics,137.82
GreenLeaf Star,Beauty,156.64
Zenith Trial,Beauty,91.4
Astra Speak,Pet Supplies,48.09
Nimbus Wish,Clothing,37.11
NeoTech Test,Groceries,9.23
Astra Pressure,Pet Supplies,72.49
Willow Into,Clothing,103.59
Harbor Whom,Automotive,148.66
Solace Tv,Automotive,636.16
Willow Message,Electronics,355.14
Nimbus Attack,Beauty,147.11
Harbor Will,Pet Supplies,2.75
NeoTech Everyone,Groceries,1.49
Nimbus Head,Toys,100.3
Orion Catch,Clothing,149.44
Solace Life,Automotive,243.71
GreenLeaf Drive,Books,13.83
Zenith Case,Books,19.19
GreenLeaf Reflect,Groceries,11.78
Nimbus Key,Automotive,27.47
Pulse Together,Toys,37.23
Astra Such,Pet Supplies,43.35
Acme Book,Automotive,238.08
Harbor Population,Pet Supplies,86.48
Acme Wait,Pet Supplies,75.93
Everest Factor,Clothing,142.38
Nimbus Bar,Books,42.48
Everest Bar,Electronics,1033.13
Nimbus Risk,Beauty,69.68
GreenLeaf Character,Sports,184.98
Everest Else,Books,15.87
GreenLeaf Lead,Groceries,10.42
Pulse Decision,Toys,50.01
Willow Entire,Groceries,23.71
Zenith Myself,Sports,77.3
Pulse Scientist,Groceries,11.15
Everest Develop,Clothing,51.05
Willow Few,Beauty,130.56
Orion Garden,Groceries,34.58
Everest Stop,Pet Supplies,67.51
Zenith Civil,Toys,50.66
Solace Member,Sports,53.16
Nimbus Approach,Groceries,32.63
Nimbus Treat,Sports,51.04
Solace Small,Toys,11.62
Pulse Sea,Pet Supplies,111.25
Willow Know,Automotive,124.87
Everest Clear,Home & Kitchen,318.51
Everest Skin,Automotive,225.32
Solace Everyone,Clothing,242.11
Orion Up,Groceries,13.54
NeoTech Rich,Groceries,1.21
Everest Several,Home & Kitchen,45.55
Pulse Else,Books,9.81
Zenith Rich,Electronics,658.35
GreenLeaf Without,Beauty,132.56
Harbor Else,Electronics,175.72
Solace Institution,Clothing,11.57
Solace Scene,Clothing,24.97
NeoTech Guy,Pet Supplies,44.14
Harbor Eat,Clothing,181.12
Pulse Worker,Clothing,83.76
Pulse Direction,Home & Kitchen,214.62
Pulse Eight,Beauty,38.16
Harbor Place,Books,7.37
NeoTech Administration,Automotive,407.98
Willow Report,Books,63.33
Harbor Significant,Sports,28.77
GreenLeaf Wall,Clothing,93.07
Everest Take,Clothing,260.17
NeoTech Week,Sports,233.45
Harbor Coach,Home & Kitchen,104.38
Harbor Picture,Electronics,492.64
GreenLeaf Stage,Electronics,1097.96
Solace Institution,Beauty,65
Orion Whatever,Books,96.75
Nimbus Hold,Books,29.15
Everest Republican,Pet Supplies,77.46
Willow Benefit,Electronics,1028.88
Astra Five,Beauty,83.13
Zenith Lawyer,Automotive,734.26
Solace Create,Clothing,97.47
NeoTech Camera,Automotive,74.61
GreenLeaf Draw,Books,167.4
Astra Plant,Automotive,788.84
Acme Drug,Pet Supplies,43.35
Everest Imagine,Clothing,15.52
Zenith Television,Books,39.96
Harbor College,Home & Kitchen,15.11
Willow Break,Beauty,5.29
Solace Support,Toys,82.98
Pulse Join,Clothing,50.81
Harbor Sort,Clothing,146.81
Nimbus Out,Groceries,30.12
Nimbus Happy,Groceries,11.67
Zenith Necessary,Electronics,473.62
NeoTech Hope,Electronics,926.42
Nimbus From,Electronics,1519.49
Acme Real,Sports,154.57
GreenLeaf Indicate,Groceries,15.64
Nimbus Drive,Home & Kitchen,132.13
Pulse Outside,Electronics,372.7
Nimbus South,Home & Kitchen,207.67
Solace Administration,Toys,16.95
Harbor Tax,Automotive,529.06
Harbor Story,Home & Kitchen,363.25
Everest Single,Clothing,253.6
GreenLeaf Do,Beauty,10.87
NeoTech Purpose,Automotive,705.88
Acme Design,Groceries,5.55
Acme Show,Clothing,58.73
Acme Field,Beauty,157.79
Nimbus Much,Sports,223.28
Orion Class,Sports,314.64
Acme It,Clothing,118.8
Everest Even,Beauty,124.31
Harbor Goal,Sports,361.55
Solace Suffer,Books,71.07
Acme Those,Toys,109.53
Nimbus Word,Sports,188.49
Nimbus Control,Electronics,1187.64
GreenLeaf Eye,Sports,135.96
Pulse Understand,Home & Kitchen,75.5
Orion Administration,Pet Supplies,20.13
Solace Table,Groceries,25.99
Harbor Agree,Clothing,20.37
Willow Group,Pet Supplies,20.65
GreenLeaf Medical,Clothing,113.12
Acme Thought,Toys,14.26
Nimbus Difficult,Groceries,25.06
NeoTech School,Home & Kitchen,75.4
Willow Her,Toys,44.59
Astra Might,Toys,76.59
GreenLeaf Different,Automotive,140.52
Solace Serve,Toys,38.11
GreenLeaf Recent,Clothing,47.02
Solace Media,Toys,115.92
NeoTech Outside,Beauty,110.43
Nimbus Garden,Beauty,8.06
NeoTech Career,Electronics,1257.52
Harbor Main,Beauty,99.78
Orion Ahead,Electronics,786.4
Solace Majority,Groceries,5.2
Acme Prevent,Groceries,3.69
Nimbus Great,Home & Kitchen,300.67
Orion Attack,Automotive,627.99
GreenLeaf Wrong,Sports,215.6
Willow Full,Automotive,294.93
Astra Compare,Books,6.08
Orion Right,Toys,35.4
NeoTech Make,Sports,71.52
Acme Anyone,Automotive,728.97
Nimbus Return,Electronics,319.15
Pulse Thing,Beauty,134.71
Orion Painting,Pet Supplies,10.39
Zenith Mr,Sports,59.25
Willow Condition,Sports,297.5
Solace Professional,Sports,257.99
Everest Stop,Automotive,893.72
Acme Effect,Automotive,108.67
GreenLeaf Next,Books,21.06
Solace Actually,Pet Supplies,34.17
Pulse Look,Groceries,11.71
Astra Woman,Clothing,313.72
NeoTech Member,Toys,20.71
GreenLeaf Day,Clothing,142.7
Nimbus Hit,Electronics,494.84
Harbor One,Automotive,601.59
Willow Executive,Electronics,513.32
Pulse Set,Beauty,154.05
Willow Just,Beauty,165.03
NeoTech Property,Books,83.51
Astra Marriage,Groceries,10.96
Willow Measure,Electronics,970.1
Willow Their,Electronics,988.62
Orion Room,Books,99.54
Nimbus Unit,Groceries,2.47
Zenith Stay,Groceries,16.58
Acme Here,Electronics,929.73
Zenith Management,Home & Kitchen,260.48
Zenith Into,Toys,37.8
NeoTech Trouble,Sports,303.15
Everest Also,Groceries,5.74
Acme Surface,Toys,96.19
Orion Society,Electronics,1551.98
Acme Brother,Groceries,8.74
Zenith Natural,Home & Kitchen,268.64
Harbor Or,Pet Supplies,6.69
Everest Investment,Home & Kitchen,343.28
Everest Religious,Home & Kitchen,80.1
Everest To,Pet Supplies,101.97
NeoTech Mind,Electronics,846.61
Willow Only,Beauty,96.97
Zenith Control,Toys,25.89
Harbor Resource,Home & Kitchen,228.38
Harbor Property,Books,82.77
NeoTech Third,Books,67.52
Zenith Investment,Beauty,232.25
GreenLeaf Glass,Electronics,798.6
Pulse Baby,Electronics,417.15
Zenith Hour,Clothing,166.64
Astra About,Home & Kitchen,68.37
Astra West,Groceries,13.04
GreenLeaf Reach,Groceries,5.66
Zenith Heart,Beauty,92.24
Nimbus Wish,Pet Supplies,52.26
Everest Movie,Electronics,738.47
Pulse Phone,Beauty,184.9
Solace Sound,Electronics,957.88
GreenLeaf End,Electronics,814.3
Zenith Happy,Home & Kitchen,173.72
Acme Artist,Electronics,1797.55
Solace Particular,Home & Kitchen,157.71
Solace Step,Beauty,32.16
Zenith Protect,Home & Kitchen,103.92
Solace Who,Toys,56.34
Zenith Discuss,Beauty,25.95
Solace Possible,Books,61.35
Everest Make,Beauty,60.7
GreenLeaf Tell,Home & Kitchen,412.8
Zenith View,Sports,165.03
Zenith Something,Groceries,1.78
GreenLeaf Star,Automotive,305.42
Astra Book,Automotive,967.83
Zenith Both,Home & Kitchen,206.86
Everest Whole,Pet Supplies,8.07
NeoTech Story,Sports,407.54
Everest Fast,Toys,24.92
Everest Line,Home & Kitchen,32.15
Harbor Vote,Electronics,476.36
Orion Who,Toys,79.36
Willow Maintain,Pet Supplies,30.77
GreenLeaf Its,Beauty,49.84
Willow Purpose,Pet Supplies,64.22
Harbor Laugh,Beauty,254.74
GreenLeaf Name,Beauty,29.53
Acme Theory,Groceries,18.76
Willow Film,Electronics,811.5
GreenLeaf Guess,Sports,120.32
Acme Then,Clothing,20.18
Orion Event,Groceries,12.34
Astra Take,Groceries,22.01
Zenith Religious,Groceries,23.52
Orion Push,Books,56.21
NeoTech Continue,Pet Supplies,69.57
Solace Minute,Toys,10.29
Orion Management,Clothing,57.54
Pulse Voice,Pet Supplies,49.73
Pulse Central,Electronics,984.2
Zenith Security,Clothing,66.11
Willow Culture,Home & Kitchen,56.57
Everest Beautiful,Sports,219.72
Solace Even,Clothing,90.15
Astra Expect,Sports,48.62
Willow Forget,Clothing,160.19
Zenith Study,Electronics,391.83
Willow Wall,Automotive,409.61
Zenith Result,Sports,403.08
Acme Democratic,Groceries,9
Harbor Notice,Pet Supplies,70.76
Acme Marriage,Electronics,896.38
Willow Treatment,Automotive,576.97
Orion Focus,Home & Kitchen,386.25
Zenith Military,Pet Supplies,45.72
GreenLeaf Green,Automotive,187.99
Harbor Reflect,Beauty,116.24
Astra Protect,Groceries,20.77
Astra Behavior,Clothing,113.98
Harbor Wrong,Sports,365.24
Everest In,Toys,97.72
NeoTech Throughout,Beauty,73.01
Harbor Cost,Pet Supplies,9.81
GreenLeaf Hear,Groceries,11.37
Nimbus Focus,Pet Supplies,54.34
Nimbus Maintain,Electronics,557.39
Astra Pull,Pet Supplies,49.88
Zenith Board,Home & Kitchen,131.75
NeoTech Tend,Clothing,61.15
Everest Child,Sports,197.07
Zenith Partner,Automotive,713.74
Pulse Soon,Pet Supplies,54.41
Nimbus Prevent,Automotive,566.53
Harbor Despite,Home & Kitchen,241.73
Willow Catch,Automotive,91.42
Harbor Not,Beauty,87.54
Willow Prepare,Beauty,70.39
Everest Organization,Beauty,69.22
NeoTech Personal,Clothing,90.19
Orion Off,Electronics,852.12
Orion Race,Automotive,492.48
Willow Bit,Sports,215.56
Solace Foreign,Electronics,1233.6
Solace People,Home & Kitchen,203.57
Solace Guy,Clothing,117.72
Acme Road,Home & Kitchen,125.56
Willow Cost,Books,54.83
Harbor Point,Clothing,36.94
Acme Chance,Electronics,1127.47
Orion Fact,Beauty,169.79
Orion Medical,Home & Kitchen,52.77
Orion Blood,Beauty,88.37
Nimbus Person,Automotive,32.08
Everest Indicate,Pet Supplies,76.86
Pulse Year,Toys,56.37
Pulse Above,Toys,72.87
Everest Several,Home & Kitchen,331.98
Zenith Few,Sports,180.71
Orion Capital,Electronics,567.39
Willow Local,Toys,58.53
Orion Kitchen,Books,29.1
Nimbus Near,Toys,33.17
Nimbus Size,Books,70.23
Nimbus Fill,Toys,74.86
Pulse Both,Groceries,14.3
GreenLeaf Goal,Electronics,1025.31
Astra Attorney,Automotive,392.65
GreenLeaf List,Beauty,59.13
Willow Amount,Beauty,129.49
Acme Wife,Pet Supplies,9.25
Everest All,Automotive,643.14
Orion After,Electronics,351.45
Astra Key,Sports,376.31
Acme Practice,Automotive,503.43
GreenLeaf Somebody,Toys,69.5
GreenLeaf Improve,Toys,92.99
Everest Run,Books,54.55
Orion Coach,Electronics,1011.71
Everest Late,Clothing,86.67
Acme Must,Books,47.06
Zenith Guess,Groceries,27.91
Acme Half,Books,59.15
Acme Age,Home & Kitchen,200.84
Everest Mrs,Books,46.77
GreenLeaf Some,Home & Kitchen,21.92
Acme Foot,Toys,93.84
Nimbus Foot,Sports,299.8
Solace At,Books,8.47
Acme Subject,Automotive,383.26
GreenLeaf Act,Clothing,118.36
Everest Budget,Electronics,1217.83
Acme When,Automotive,413.11
Willow Show,Electronics,605.36
Orion Serious,Toys,86.67
Willow Law,Beauty,67.41
Orion Miss,Toys,63.71
Pulse Computer,Home & Kitchen,212.46
NeoTech These,Groceries,18.51
Orion Coach,Books,55.14
Acme Support,Books,36.2
Astra Tough,Electronics,1463.26
Pulse Still,Pet Supplies,59.59
Everest Type,Groceries,15.66
Zenith Catch,Home & Kitchen,215.62
Acme Best,Electronics,1325.06
Astra Work,Books,10.47
NeoTech Late,Groceries,16.14
Astra Lead,Electronics,188.48
Harbor Growth,Toys,83.34
Nimbus Figure,Books,56.77
Willow Need,Electronics,1287.95
Orion Manage,Books,24.22
NeoTech Must,Clothing,51.65
GreenLeaf Into,Electronics,418.78
Everest Response,Automotive,278.74
Nimbus Expert,Beauty,127.42
Astra Process,Pet Supplies,131.29
Everest International,Toys,49.77
NeoTech Guess,Electronics,1351.78
Nimbus Wide,Pet Supplies,94.59
Acme Such,Sports,165.59
Everest Number,Beauty,184.43
Everest Become,Clothing,215.5
GreenLeaf Race,Groceries,3.32
GreenLeaf Sport,Books,17.73
Nimbus Stay,Toys,34.96
Nimbus Whose,Clothing,51.78
Orion Head,Beauty,69
Nimbus Possible,Clothing,76.19
Solace Will,Pet Supplies,72.64
NeoTech Imagine,Beauty,257.28
NeoTech Information,Groceries,7.76
Astra Thing,Electronics,948.69
Solace Or,Groceries,2.41
GreenLeaf Feel,Home & Kitchen,286.99
Everest Possible,Electronics,503.48
Harbor Close,Sports,103.58
GreenLeaf Look,Beauty,40.84
Pulse Against,Sports,175.83
GreenLeaf Voice,Automotive,124.91
Acme Type,Automotive,201.36
Solace Surface,Toys,38.31
Acme Sign,Books,5.58
Willow Hospital,Automotive,1340.76
GreenLeaf If,Toys,47.03
Pulse Conference,Pet Supplies,32.11
Everest Coach,Beauty,31.95
Willow Front,Books,90.65
Harbor Fire,Home & Kitchen,34.77
Orion Make,Clothing,40.77
NeoTech Although,Beauty,87.46
Zenith Live,Pet Supplies,86.02
NeoTech Song,Automotive,286.31
NeoTech Watch,Books,77.28
Nimbus Safe,Automotive,413.42
Pulse Reveal,Beauty,159.29
Harbor Himself,Books,8.05
Solace Other,Pet Supplies,47.96
Acme Road,Sports,115.22
Astra Sometimes,Pet Supplies,82.4
Everest School,Toys,24.99
Nimbus More,Groceries,30.26
Nimbus East,Books,63.5
Astra Future,Pet Supplies,85.2
Solace Carry,Books,62.58
Acme Think,Books,78.16
GreenLeaf Front,Toys,39.02
Astra Make,Books,19.54
Pulse No,Groceries,25.37
Willow Perform,Pet Supplies,44.57
GreenLeaf Action,Beauty,118.9
Orion International,Electronics,955.5
Astra Kitchen,Toys,26.54
Astra Remain,Beauty,124.68
Nimbus Table,Sports,300.07
Zenith Conference,Pet Supplies,45.18
Willow Go,Pet Supplies,94.62
Everest Television,Automotive,120.33
Orion Owner,Electronics,738.02
NeoTech Write,Electronics,1038.94
Everest Reality,Groceries,26.13
Orion Give,Clothing,172.17
Willow Nation,Home & Kitchen,121.56
Orion Child,Pet Supplies,81.47
Astra These,Books,77.21
Harbor Reach,Pet Supplies,18.89
Nimbus Before,Home & Kitchen,375.68
Pulse Worry,Automotive,734.96
Astra Success,Beauty,136.74
Everest Source,Groceries,22.59
Pulse Establish,Pet Supplies,38.53
Pulse Design,Electronics,416.78
Astra Animal,Automotive,282.64
Orion Mouth,Sports,278.14
Orion Size,Beauty,133.71
Solace Leave,Home & Kitchen,250.41
Willow Imagine,Home & Kitchen,317.34
NeoTech Our,Electronics,662.22
Solace Door,Automotive,59.9
Pulse Fly,Groceries,9.92
Harbor Better,Electronics,835.66
Willow Message,Home & Kitchen,11.12
Willow Eye,Books,84.86
Solace System,Sports,18.84
Willow Somebody,Books,65.24
Astra Sea,Automotive,871.03
Acme Character,Automotive,202.98
GreenLeaf Major,Books,61.57
Zenith Page,Home & Kitchen,431.12
Nimbus Military,Sports,178.96
Astra Particularly,Electronics,1166.24
Zenith Rise,Pet Supplies,68.6
GreenLeaf Concern,Beauty,57.21
Willow Hear,Books,51.75
NeoTech Turn,Home & Kitchen,69.46
Zenith Board,Clothing,106.67
Solace Practice,Beauty,105.48
Willow Old,Automotive,116.13
Harbor Whole,Books,64.11
