product_name,price,stock,description,sub_category_id
Bluetooth Speaker 1,12155,250,Best suited for daily use,1501
LED Desk Lamp 2,509,80,Highly rated customer favorite,1502
Fitness Band 3,32165,134,Energy efficient and reliable,1503
Mechanical Keyboard 4,32038,221,Energy efficient and reliable,1504
Power Bank 5,53517,90,High quality and durable product,1505
Fitness Band 6,37647,121,High quality and durable product,1506
Coffee Maker 7,19382,165,Premium build with modern design,1507
Coffee Maker 8,52644,110,Premium build with modern design,1508
Mechanical Keyboard 9,55663,50,Highly rated customer favorite,1509
Air Fryer 10,11006,131,High quality and durable product,1510
Coffee Maker 11,14771,124,High quality and durable product,1511
Laptop Backpack 12,3575,236,Best suited for daily use,1512
Vacuum Cleaner 13,10810,93,High quality and durable product,1513
Bluetooth Speaker 14,24237,165,Energy efficient and reliable,1514
Water Bottle 15,42582,37,Energy efficient and reliable,1515
Air Fryer 16,35266,120,Energy efficient and reliable,1516
Office Chair 17,55425,270,High quality and durable product,1517
Laptop Backpack 18,40402,67,High quality and durable product,1518
Yoga Mat 19,16176,131,Best suited for daily use,1519
Mobile Charger 20,1947,187,High quality and durable product,1520
Bluetooth Speaker 21,30682,264,Best suited for daily use,1521
Smart Watch 22,53789,66,High quality and durable product,1522
Power Bank 23,3955,93,Energy efficient and reliable,1523
Yoga Mat 24,7506,79,Highly rated customer favorite,1524
Kitchen Mixer 25,50397,171,High quality and durable product,1525
Bluetooth Speaker 26,39253,18,Energy efficient and reliable,1526
Water Bottle 27,51529,189,Highly rated customer favorite,1527
Kitchen Mixer 28,57257,187,Premium build with modern design,1528
DSLR Camera 29,45293,52,High quality and durable product,1529
DSLR Camera 30,26261,13,High quality and durable product,1530
Electric Kettle 31,53561,91,Highly rated customer favorite,1531
Kitchen Mixer 32,59830,129,Best suited for daily use,1532
Bluetooth Speaker 33,7027,106,Energy efficient and reliable,1533
Laptop Backpack 34,40259,110,Best suited for daily use,1534
Office Chair 35,35343,119,Premium build with modern design,1535
Mechanical Keyboard 36,41755,53,Premium build with modern design,1536
Vacuum Cleaner 37,57861,60,High quality and durable product,1537
Smart Watch 38,17084,154,Best suited for daily use,1538
Vacuum Cleaner 39,3445,258,Energy efficient and reliable,1539
Fitness Band 40,6857,237,Best suited for daily use,1540
Air Fryer 41,12331,127,Premium build with modern design,1541
Mechanical Keyboard 42,22809,96,Premium build with modern design,1542
Laptop Backpack 43,17228,62,Energy efficient and reliable,1543
Water Bottle 44,26909,53,High quality and durable product,1544
Mechanical Keyboard 45,57852,254,High quality and durable product,1545
Yoga Mat 46,39036,10,Energy efficient and reliable,1546
Laptop Backpack 47,25329,43,Energy efficient and reliable,1547
Electric Kettle 48,40254,38,Best suited for daily use,1548
Water Bottle 49,41941,139,Highly rated customer favorite,1549
Coffee Maker 50,49055,125,Premium build with modern design,1550
Air Fryer 51,47678,49,Highly rated customer favorite,1551
Office Chair 52,11397,15,High quality and durable product,1552
Noise Cancelling Earbuds 53,12010,230,Highly rated customer favorite,1553
Smart Watch 54,29858,35,High quality and durable product,1554
Smart Watch 55,7946,229,Premium build with modern design,1555
Water Bottle 56,59306,78,Energy efficient and reliable,1556
Power Bank 57,49720,75,Energy efficient and reliable,1557
Smart Watch 58,31234,278,Highly rated customer favorite,1558
Water Bottle 59,20172,81,High quality and durable product,1559
Vacuum Cleaner 60,40411,134,Highly rated customer favorite,1560
Mobile Charger 61,52383,6,Highly rated customer favorite,1561
Bluetooth Speaker 62,26922,185,High quality and durable product,1562
Wireless Headphones 63,50051,159,Best suited for daily use,1563
Mobile Charger 64,46971,128,Energy efficient and reliable,1564
Office Chair 65,34941,197,High quality and durable product,1565
DSLR Camera 66,11829,193,Highly rated customer favorite,1566
Gaming Mouse 67,58739,179,High quality and durable product,1567
Yoga Mat 68,20908,36,Energy efficient and reliable,1568
Wireless Headphones 69,47782,124,Highly rated customer favorite,1569
Gaming Mouse 70,26653,248,Premium build with modern design,1570
LED Desk Lamp 71,28806,117,Energy efficient and reliable,1571
Gaming Mouse 72,309,59,Energy efficient and reliable,1572
Mechanical Keyboard 73,12711,65,High quality and durable product,1573
Gaming Mouse 74,24557,24,Premium build with modern design,1574
Noise Cancelling Earbuds 75,51286,287,Energy efficient and reliable,1575
Vacuum Cleaner 76,13950,159,Energy efficient and reliable,1576
Laptop Backpack 77,5220,239,Best suited for daily use,1577
Bluetooth Speaker 78,57677,118,Energy efficient and reliable,1578
Kitchen Mixer 79,39141,21,Energy efficient and reliable,1579
Mechanical Keyboard 80,1712,137,Highly rated customer favorite,1580
Electric Kettle 81,16340,29,High quality and durable product,1581
Gaming Mouse 82,57016,26,High quality and durable product,1582
Fitness Band 83,16432,149,Premium build with modern design,1583
Laptop Backpack 84,11661,12,High quality and durable product,1584
Vacuum Cleaner 85,27315,43,Energy efficient and reliable,1585
Mechanical Keyboard 86,11707,94,Highly rated customer favorite,1586
Wireless Headphones 87,8182,143,Energy efficient and reliable,1587
Gaming Mouse 88,15649,273,Premium build with modern design,1588
Water Bottle 89,52127,145,Highly rated customer favorite,1589
DSLR Camera 90,41003,274,Premium build with modern design,1590
Vacuum Cleaner 91,21072,206,High quality and durable product,1591
Bluetooth Speaker 92,28124,101,Energy efficient and reliable,1592
Fitness Band 93,37310,231,Best suited for daily use,1593
Laptop Backpack 94,52374,126,Highly rated customer favorite,1594
Kitchen Mixer 95,30759,231,High quality and durable product,1595
Office Chair 96,30707,178,Best suited for daily use,1596
Smart Watch 97,42558,177,Energy efficient and reliable,1597
Bluetooth Speaker 98,56306,298,Energy efficient and reliable,1598
Office Chair 99,14552,48,Highly rated customer favorite,1599
Noise Cancelling Earbuds 100,39260,152,Best suited for daily use,1600
Laptop Backpack 101,655,229,Best suited for daily use,1601
Power Bank 102,40997,214,Highly rated customer favorite,1602
Mobile Charger 103,5519,222,High quality and durable product,1603
Water Bottle 104,5213,263,Energy efficient and reliable,1604
Vacuum Cleaner 105,20298,219,Best suited for daily use,1605
Electric Kettle 106,17274,248,Energy efficient and reliable,1606
Bluetooth Speaker 107,7063,232,High quality and durable product,1607
Kitchen Mixer 108,20746,20,Premium build with modern design,1608
Laptop Backpack 109,48489,170,Energy efficient and reliable,1609
DSLR Camera 110,52400,132,Best suited for daily use,1610
Coffee Maker 111,47435,256,Premium build with modern design,1611
LED Desk Lamp 112,5244,100,Energy efficient and reliable,1612
Water Bottle 113,52030,229,Premium build with modern design,1613
Noise Cancelling Earbuds 114,15595,142,Energy efficient and reliable,1614
Mechanical Keyboard 115,11343,208,Highly rated customer favorite,1615
Noise Cancelling Earbuds 116,30707,107,Premium build with modern design,1616
Office Chair 117,51519,105,Highly rated customer favorite,1617
Office Chair 118,48838,185,Premium build with modern design,1618
Air Fryer 119,15032,189,Best suited for daily use,1619
Power Bank 120,5854,277,Energy efficient and reliable,1620
Gaming Mouse 121,34092,36,Highly rated customer favorite,1621
Mobile Charger 122,34798,112,Best suited for daily use,1622
Kitchen Mixer 123,16360,226,Energy efficient and reliable,1623
Smart Watch 124,43960,200,High quality and durable product,1624
Kitchen Mixer 125,25424,135,Highly rated customer favorite,1625
Electric Kettle 126,10295,171,Energy efficient and reliable,1626
Yoga Mat 127,34495,211,Premium build with modern design,1627
Air Fryer 128,53724,299,High quality and durable product,1628
Yoga Mat 129,44282,113,Energy efficient and reliable,1629
Gaming Mouse 130,51094,187,Best suited for daily use,1630
Noise Cancelling Earbuds 131,50437,220,Premium build with modern design,1631
Gaming Mouse 132,58150,92,High quality and durable product,1632
Kitchen Mixer 133,32315,205,Energy efficient and reliable,1633
Kitchen Mixer 134,8039,223,Premium build with modern design,1634
Electric Kettle 135,36505,24,Highly rated customer favorite,1635
Kitchen Mixer 136,43648,112,Premium build with modern design,1636
Mechanical Keyboard 137,9597,191,Premium build with modern design,1637
Bluetooth Speaker 138,42749,20,Energy efficient and reliable,1638
Gaming Mouse 139,7849,76,Energy efficient and reliable,1639
Smart Watch 140,32586,61,Premium build with modern design,1640
Yoga Mat 141,44491,215,High quality and durable product,1641
Wireless Headphones 142,44786,140,High quality and durable product,1642
Water Bottle 143,21766,299,Premium build with modern design,1643
Laptop Backpack 144,3748,95,High quality and durable product,1644
Air Fryer 145,13128,221,High quality and durable product,1645
Yoga Mat 146,45099,35,Best suited for daily use,1646
Kitchen Mixer 147,20539,201,High quality and durable product,1647
DSLR Camera 148,20629,52,Energy efficient and reliable,1648
Fitness Band 149,17343,293,High quality and durable product,1649
Wireless Headphones 150,498,8,Best suited for daily use,1650
Fitness Band 151,40716,237,Best suited for daily use,1651
Yoga Mat 152,13864,41,Highly rated customer favorite,1652
Laptop Backpack 153,18349,262,High quality and durable product,1653
Vacuum Cleaner 154,20223,180,Premium build with modern design,1654
Office Chair 155,47422,208,Energy efficient and reliable,1655
Power Bank 156,48330,74,Premium build with modern design,1656
Yoga Mat 157,9594,44,High quality and durable product,1657
Power Bank 158,48743,103,High quality and durable product,1658
Mobile Charger 159,37088,209,High quality and durable product,1659
Water Bottle 160,52735,18,Best suited for daily use,1660
Water Bottle 161,4421,89,High quality and durable product,1661
Office Chair 162,41866,97,High quality and durable product,1662
Office Chair 163,40129,156,Energy efficient and reliable,1663
Mobile Charger 164,53878,68,Highly rated customer favorite,1664
Power Bank 165,21669,45,Best suited for daily use,1665
Yoga Mat 166,48088,294,Energy efficient and reliable,1666
Power Bank 167,14919,277,High quality and durable product,1667
Water Bottle 168,20497,79,Premium build with modern design,1668
Electric Kettle 169,39282,118,High quality and durable product,1669
Power Bank 170,45813,106,Energy efficient and reliable,1670
Wireless Headphones 171,28710,240,High quality and durable product,1671
Office Chair 172,8869,15,Energy efficient and reliable,1672
Gaming Mouse 173,35991,233,Premium build with modern design,1673
Electric Kettle 174,49763,45,Premium build with modern design,1674
Air Fryer 175,44804,23,High quality and durable product,1675
Electric Kettle 176,21522,73,Premium build with modern design,1676
Vacuum Cleaner 177,22506,129,High quality and durable product,1677
Electric Kettle 178,16771,236,Energy efficient and reliable,1678
Vacuum Cleaner 179,58664,223,Energy efficient and reliable,1679
Fitness Band 180,36353,46,Highly rated customer favorite,1680
Bluetooth Speaker 181,38184,189,Highly rated customer favorite,1681
Smart Watch 182,15043,6,High quality and durable product,1682
Gaming Mouse 183,56946,49,Premium build with modern design,1683
Bluetooth Speaker 184,5073,116,Energy efficient and reliable,1684
Water Bottle 185,3569,252,High quality and durable product,1685
Yoga Mat 186,56857,250,Highly rated customer favorite,1686
Mechanical Keyboard 187,14880,147,Highly rated customer favorite,1687
Coffee Maker 188,17481,293,High quality and durable product,1688
Laptop Backpack 189,54155,128,Highly rated customer favorite,1689
Power Bank 190,32515,95,Premium build with modern design,1690
Coffee Maker 191,22831,282,High quality and durable product,1691
Kitchen Mixer 192,32720,7,Best suited for daily use,1692
Office Chair 193,38031,91,Highly rated customer favorite,1693
Vacuum Cleaner 194,12795,182,High quality and durable product,1694
Vacuum Cleaner 195,6070,124,Energy efficient and reliable,1695
Power Bank 196,41001,121,Energy efficient and reliable,1696
Mechanical Keyboard 197,24258,74,Premium build with modern design,1697
Water Bottle 198,48132,35,High quality and durable product,1698
Mobile Charger 199,52404,14,Highly rated customer favorite,1699
Noise Cancelling Earbuds 200,28603,22,Best suited for daily use,1700
Noise Cancelling Earbuds 201,50564,130,Best suited for daily use,1701
Vacuum Cleaner 202,42225,166,Highly rated customer favorite,1702
Vacuum Cleaner 203,26085,238,Energy efficient and reliable,1703
Fitness Band 204,8370,205,High quality and durable product,1704
Electric Kettle 205,50033,204,Highly rated customer favorite,1705
Gaming Mouse 206,11264,156,Highly rated customer favorite,1706
Laptop Backpack 207,11107,249,Best suited for daily use,1707
Wireless Headphones 208,1470,185,High quality and durable product,1708
Yoga Mat 209,53101,91,Best suited for daily use,1709
Smart Watch 210,42674,82,High quality and durable product,1710
LED Desk Lamp 211,55249,199,Energy efficient and reliable,1711
Mechanical Keyboard 212,28189,200,Highly rated customer favorite,1712
Fitness Band 213,52099,204,High quality and durable product,1713
Gaming Mouse 214,50361,17,High quality and durable product,1714
Office Chair 215,13657,111,Best suited for daily use,1715
Kitchen Mixer 216,41048,103,Best suited for daily use,1716
Power Bank 217,5600,69,High quality and durable product,1717
Gaming Mouse 218,59819,180,Best suited for daily use,1718
Bluetooth Speaker 219,8186,121,Energy efficient and reliable,1719
Laptop Backpack 220,51163,11,Premium build with modern design,1720
Noise Cancelling Earbuds 221,54889,106,Best suited for daily use,1721
Air Fryer 222,14820,265,Energy efficient and reliable,1722
Air Fryer 223,43838,294,Best suited for daily use,1723
Water Bottle 224,2632,191,Highly rated customer favorite,1724
Yoga Mat 225,18386,20,High quality and durable product,1725
Fitness Band 226,30864,46,Energy efficient and reliable,1726
Air Fryer 227,53904,54,Highly rated customer favorite,1727
Laptop Backpack 228,32414,271,Highly rated customer favorite,1728
Water Bottle 229,40974,294,Best suited for daily use,1729
Power Bank 230,2082,43,Highly rated customer favorite,1730
Smart Watch 231,36524,135,Premium build with modern design,1731
Laptop Backpack 232,13095,285,Best suited for daily use,1732
Bluetooth Speaker 233,11545,216,Energy efficient and reliable,1733
DSLR Camera 234,40809,202,High quality and durable product,1734
Fitness Band 235,33900,107,High quality and durable product,1735
DSLR Camera 236,51166,236,Highly rated customer favorite,1736
Noise Cancelling Earbuds 237,8364,157,Best suited for daily use,1737
Mobile Charger 238,32244,196,Highly rated customer favorite,1738
Electric Kettle 239,58424,255,Premium build with modern design,1739
Kitchen Mixer 240,40678,197,Best suited for daily use,1740
Kitchen Mixer 241,12511,233,Premium build with modern design,1741
Water Bottle 242,10579,167,Premium build with modern design,1742
Mechanical Keyboard 243,59297,49,Highly rated customer favorite,1743
Mechanical Keyboard 244,59143,253,Energy efficient and reliable,1744
Bluetooth Speaker 245,21033,38,Premium build with modern design,1745
Vacuum Cleaner 246,28984,20,Best suited for daily use,1746
Air Fryer 247,18552,234,Highly rated customer favorite,1747
LED Desk Lamp 248,16933,165,Best suited for daily use,1748
Coffee Maker 249,36706,180,Best suited for daily use,1749
Gaming Mouse 250,37026,161,High quality and durable product,1750
DSLR Camera 251,48274,238,Best suited for daily use,1751
Bluetooth Speaker 252,13773,169,High quality and durable product,1752
Power Bank 253,11393,219,Highly rated customer favorite,1753
Electric Kettle 254,38016,154,Highly rated customer favorite,1754
Smart Watch 255,10798,139,Highly rated customer favorite,1755
Gaming Mouse 256,49905,121,Premium build with modern design,1756
Smart Watch 257,17473,235,Best suited for daily use,1757
Electric Kettle 258,33568,261,High quality and durable product,1758
Yoga Mat 259,23432,216,High quality and durable product,1759
Water Bottle 260,41406,59,Highly rated customer favorite,1760
Fitness Band 261,26881,282,Best suited for daily use,1761
Air Fryer 262,47971,185,Energy efficient and reliable,1762
Bluetooth Speaker 263,56975,18,Premium build with modern design,1763
Mechanical Keyboard 264,58044,223,Energy efficient and reliable,1764
Bluetooth Speaker 265,43230,232,Energy efficient and reliable,1765
Yoga Mat 266,19505,280,Highly rated customer favorite,1766
DSLR Camera 267,56086,238,Energy efficient and reliable,1767
Vacuum Cleaner 268,53778,192,Premium build with modern design,1768
Yoga Mat 269,28990,137,Premium build with modern design,1769
Fitness Band 270,8198,289,Highly rated customer favorite,1770
Power Bank 271,39501,244,Best suited for daily use,1771
Gaming Mouse 272,11340,139,Energy efficient and reliable,1772
Coffee Maker 273,54805,26,Best suited for daily use,1773
DSLR Camera 274,3576,7,Best suited for daily use,1774
Wireless Headphones 275,30902,18,High quality and durable product,1775
Wireless Headphones 276,47042,226,Energy efficient and reliable,1776
Smart Watch 277,23355,51,Highly rated customer favorite,1777
Vacuum Cleaner 278,55518,261,Energy efficient and reliable,1778
Air Fryer 279,2502,202,High quality and durable product,1779
Bluetooth Speaker 280,25468,293,Best suited for daily use,1780
Wireless Headphones 281,18163,96,High quality and durable product,1781
Yoga Mat 282,4513,57,Premium build with modern design,1782
Office Chair 283,38463,128,Premium build with modern design,1783
Noise Cancelling Earbuds 284,47081,270,Energy efficient and reliable,1784
Power Bank 285,27125,269,Energy efficient and reliable,1785
Water Bottle 286,34249,179,Energy efficient and reliable,1786
Water Bottle 287,5007,297,Highly rated customer favorite,1787
Fitness Band 288,518,30,High quality and durable product,1788
Bluetooth Speaker 289,19229,38,Highly rated customer favorite,1789
Smart Watch 290,30921,266,Energy efficient and reliable,1790
Noise Cancelling Earbuds 291,37495,219,Premium build with modern design,1791
Vacuum Cleaner 292,27193,245,Energy efficient and reliable,1792
Electric Kettle 293,24228,238,Best suited for daily use,1793
Wireless Headphones 294,36533,177,Best suited for daily use,1794
Laptop Backpack 295,15982,288,Premium build with modern design,1795
Laptop Backpack 296,10239,207,Best suited for daily use,1796
Laptop Backpack 297,7054,66,Premium build with modern design,1797
Fitness Band 298,22053,198,Highly rated customer favorite,1798
Coffee Maker 299,58929,239,Premium build with modern design,1799
Air Fryer 300,58402,187,High quality and durable product,1800
LED Desk Lamp 301,41038,277,Premium build with modern design,1801
Smart Watch 302,57497,299,Highly rated customer favorite,1802
Vacuum Cleaner 303,13760,238,Premium build with modern design,1803
Coffee Maker 304,5648,18,High quality and durable product,1804
Electric Kettle 305,49314,71,Highly rated customer favorite,1805
Air Fryer 306,29507,74,Best suited for daily use,1806
Vacuum Cleaner 307,55144,96,Highly rated customer favorite,1807
LED Desk Lamp 308,10616,172,Best suited for daily use,1808
Wireless Headphones 309,21837,164,Energy efficient and reliable,1809
Coffee Maker 310,9774,9,Highly rated customer favorite,1810
Yoga Mat 311,49469,188,Highly rated customer favorite,1811
DSLR Camera 312,14067,26,Premium build with modern design,1812
Power Bank 313,30035,19,Best suited for daily use,1813
Electric Kettle 314,55331,165,High quality and durable product,1814
Fitness Band 315,47364,247,Highly rated customer favorite,1815
Wireless Headphones 316,54540,127,Energy efficient and reliable,1816
Noise Cancelling Earbuds 317,19443,276,Energy efficient and reliable,1817
Mechanical Keyboard 318,7752,257,Highly rated customer favorite,1818
Fitness Band 319,51425,8,Best suited for daily use,1819
Laptop Backpack 320,10844,149,Highly rated customer favorite,1820
Mobile Charger 321,41963,154,Energy efficient and reliable,1821
Bluetooth Speaker 322,25511,224,Highly rated customer favorite,1822
Mechanical Keyboard 323,27607,98,High quality and durable product,1823
Yoga Mat 324,58148,297,Premium build with modern design,1824
Power Bank 325,31004,31,Energy efficient and reliable,1825
Air Fryer 326,24171,165,High quality and durable product,1826
Laptop Backpack 327,56879,70,Energy efficient and reliable,1827
Kitchen Mixer 328,26712,122,High quality and durable product,1828
Fitness Band 329,9398,112,Best suited for daily use,1829
Office Chair 330,52213,23,Highly rated customer favorite,1830
Wireless Headphones 331,36294,241,Premium build with modern design,1831
Laptop Backpack 332,34341,179,Best suited for daily use,1832
Yoga Mat 333,18413,267,Premium build with modern design,1833
Electric Kettle 334,38440,219,High quality and durable product,1834
Mechanical Keyboard 335,30167,267,Energy efficient and reliable,1835
Mechanical Keyboard 336,788,178,High quality and durable product,1836
Electric Kettle 337,38342,15,Energy efficient and reliable,1837
Noise Cancelling Earbuds 338,41554,142,Best suited for daily use,1838
Office Chair 339,59829,174,Energy efficient and reliable,1839
Mobile Charger 340,58190,129,Energy efficient and reliable,1840
Mobile Charger 341,28912,139,High quality and durable product,1841
Office Chair 342,7478,300,Highly rated customer favorite,1842
Laptop Backpack 343,18693,212,Highly rated customer favorite,1843
Vacuum Cleaner 344,37443,188,Energy efficient and reliable,1844
Fitness Band 345,59379,136,Highly rated customer favorite,1845
Mobile Charger 346,35483,41,Highly rated customer favorite,1846
Water Bottle 347,37202,35,Highly rated customer favorite,1847
Kitchen Mixer 348,39468,244,Highly rated customer favorite,1848
DSLR Camera 349,18532,225,Energy efficient and reliable,1849
Smart Watch 350,14109,293,Premium build with modern design,1850
Water Bottle 351,48912,250,Energy efficient and reliable,1851
DSLR Camera 352,22841,212,Best suited for daily use,1852
Water Bottle 353,3416,226,High quality and durable product,1853
Electric Kettle 354,28403,249,Energy efficient and reliable,1854
Mobile Charger 355,25579,90,Highly rated customer favorite,1855
Electric Kettle 356,22429,19,Energy efficient and reliable,1856
Mechanical Keyboard 357,40035,248,High quality and durable product,1857
Gaming Mouse 358,30016,154,High quality and durable product,1858
Vacuum Cleaner 359,10597,281,Energy efficient and reliable,1859
Fitness Band 360,1894,59,Highly rated customer favorite,1860
Vacuum Cleaner 361,56086,273,Premium build with modern design,1861
Mechanical Keyboard 362,37654,148,High quality and durable product,1862
Smart Watch 363,12480,57,Best suited for daily use,1863
Water Bottle 364,8402,207,Energy efficient and reliable,1864
Gaming Mouse 365,18616,60,Highly rated customer favorite,1865
Water Bottle 366,23692,112,Best suited for daily use,1866
Mobile Charger 367,38258,240,High quality and durable product,1867
Yoga Mat 368,37636,159,Best suited for daily use,1868
Kitchen Mixer 369,40004,117,Energy efficient and reliable,1869
Yoga Mat 370,39454,66,High quality and durable product,1870
Mobile Charger 371,43310,101,Premium build with modern design,1871
Bluetooth Speaker 372,24486,257,High quality and durable product,1872
Coffee Maker 373,14734,284,Highly rated customer favorite,1873
LED Desk Lamp 374,35458,35,High quality and durable product,1874
Mechanical Keyboard 375,49156,209,Best suited for daily use,1875
Coffee Maker 376,40359,50,Highly rated customer favorite,1876
Gaming Mouse 377,31592,170,High quality and durable product,1877
Fitness Band 378,852,221,Highly rated customer favorite,1878
Electric Kettle 379,11393,55,Energy efficient and reliable,1879
LED Desk Lamp 380,27716,296,Premium build with modern design,1880
Wireless Headphones 381,24723,139,Highly rated customer favorite,1881
Yoga Mat 382,11046,48,Best suited for daily use,1882
Wireless Headphones 383,41606,121,Highly rated customer favorite,1883
Gaming Mouse 384,4549,132,Highly rated customer favorite,1884
Yoga Mat 385,42656,214,High quality and durable product,1885
Vacuum Cleaner 386,6391,285,Premium build with modern design,1886
LED Desk Lamp 387,55931,93,Highly rated customer favorite,1887
Kitchen Mixer 388,31870,145,Best suited for daily use,1888
LED Desk Lamp 389,20869,223,Highly rated customer favorite,1889
Kitchen Mixer 390,32762,208,Premium build with modern design,1890
DSLR Camera 391,36428,150,Energy efficient and reliable,1891
Air Fryer 392,31678,193,Highly rated customer favorite,1892
Kitchen Mixer 393,28747,246,High quality and durable product,1893
LED Desk Lamp 394,12068,135,High quality and durable product,1894
Kitchen Mixer 395,55839,7,Energy efficient and reliable,1895
Electric Kettle 396,59006,156,High quality and durable product,1896
Mechanical Keyboard 397,8873,156,High quality and durable product,1897
Air Fryer 398,58841,58,Best suited for daily use,1898
Laptop Backpack 399,18576,239,Highly rated customer favorite,1899
Power Bank 400,43149,18,Best suited for daily use,1900
Office Chair 401,915,291,Premium build with modern design,1901
Gaming Mouse 402,50082,127,Premium build with modern design,1902
Gaming Mouse 403,35522,180,Energy efficient and reliable,1903
Kitchen Mixer 404,50106,94,Highly rated customer favorite,1904
Laptop Backpack 405,38474,209,Premium build with modern design,1905
Vacuum Cleaner 406,42540,104,Highly rated customer favorite,1906
Wireless Headphones 407,50896,119,High quality and durable product,1907
Power Bank 408,47738,219,Highly rated customer favorite,1908
Air Fryer 409,6961,275,Best suited for daily use,1909
Laptop Backpack 410,17081,297,High quality and durable product,1910
Vacuum Cleaner 411,51340,116,Premium build with modern design,1911
Vacuum Cleaner 412,42716,235,Energy efficient and reliable,1912
Air Fryer 413,48086,223,Highly rated customer favorite,1913
Coffee Maker 414,21556,144,High quality and durable product,1914
Fitness Band 415,34241,118,Energy efficient and reliable,1915
Mobile Charger 416,23878,266,Best suited for daily use,1916
Power Bank 417,57969,209,Best suited for daily use,1917
Office Chair 418,23743,281,Premium build with modern design,1918
Office Chair 419,17513,164,Premium build with modern design,1919
Power Bank 420,52333,269,High quality and durable product,1920
Air Fryer 421,27555,47,High quality and durable product,1921
Smart Watch 422,49996,9,Premium build with modern design,1922
DSLR Camera 423,45478,289,Energy efficient and reliable,1923
Wireless Headphones 424,46968,52,Energy efficient and reliable,1924
Vacuum Cleaner 425,35179,95,Best suited for daily use,1925
Wireless Headphones 426,31159,99,Best suited for daily use,1926
Water Bottle 427,18045,148,High quality and durable product,1927
Office Chair 428,41514,220,High quality and durable product,1928
LED Desk Lamp 429,31465,248,Energy efficient and reliable,1929
Smart Watch 430,32416,247,Best suited for daily use,1930
Fitness Band 431,6956,145,High quality and durable product,1931
Yoga Mat 432,21183,23,Premium build with modern design,1932
Coffee Maker 433,36834,114,Energy efficient and reliable,1933
Laptop Backpack 434,9355,47,Best suited for daily use,1934
Kitchen Mixer 435,21017,32,High quality and durable product,1935
Mechanical Keyboard 436,6871,42,High quality and durable product,1936
Gaming Mouse 437,28467,15,Highly rated customer favorite,1937
Office Chair 438,50086,294,Best suited for daily use,1938
Water Bottle 439,36634,132,Best suited for daily use,1939
DSLR Camera 440,39110,231,Highly rated customer favorite,1940
Vacuum Cleaner 441,16188,145,Highly rated customer favorite,1941
Fitness Band 442,38319,118,Best suited for daily use,1942
Coffee Maker 443,30891,8,Premium build with modern design,1943
Vacuum Cleaner 444,25036,205,Premium build with modern design,1944
Electric Kettle 445,46687,169,Premium build with modern design,1945
Vacuum Cleaner 446,8215,121,High quality and durable product,1946
Mobile Charger 447,31545,118,Premium build with modern design,1947
Electric Kettle 448,39688,124,Energy efficient and reliable,1948
Coffee Maker 449,57213,58,Energy efficient and reliable,1949
Office Chair 450,4044,227,Energy efficient and reliable,1950
Laptop Backpack 451,38514,134,Highly rated customer favorite,1951
Yoga Mat 452,15180,189,Energy efficient and reliable,1952
DSLR Camera 453,18504,277,Energy efficient and reliable,1953
Fitness Band 454,54693,25,High quality and durable product,1954
Kitchen Mixer 455,59489,140,Highly rated customer favorite,1955
Yoga Mat 456,34952,166,Energy efficient and reliable,1956
LED Desk Lamp 457,35700,228,Highly rated customer favorite,1957
Coffee Maker 458,37651,197,Highly rated customer favorite,1958
Water Bottle 459,19178,211,Highly rated customer favorite,1959
LED Desk Lamp 460,5451,34,High quality and durable product,1960
Smart Watch 461,36239,14,Highly rated customer favorite,1961
Electric Kettle 462,42524,114,Best suited for daily use,1962
Bluetooth Speaker 463,15154,220,Energy efficient and reliable,1963
Mobile Charger 464,24198,176,Premium build with modern design,1964
LED Desk Lamp 465,53878,115,Best suited for daily use,1965
Mechanical Keyboard 466,53486,222,Best suited for daily use,1966
Power Bank 467,5513,149,Premium build with modern design,1967
DSLR Camera 468,12826,183,Energy efficient and reliable,1968
Mobile Charger 469,15488,224,Energy efficient and reliable,1969
Mobile Charger 470,9695,145,Premium build with modern design,1970
Coffee Maker 471,8288,135,Energy efficient and reliable,1971
Coffee Maker 472,38201,189,High quality and durable product,1972
Noise Cancelling Earbuds 473,14866,133,Best suited for daily use,1973
Office Chair 474,35655,54,Premium build with modern design,1974
Gaming Mouse 475,8238,191,Energy efficient and reliable,1975
DSLR Camera 476,1136,125,High quality and durable product,1976
Office Chair 477,44391,18,Best suited for daily use,1977
Vacuum Cleaner 478,4414,228,Best suited for daily use,1978
Mobile Charger 479,43029,18,Premium build with modern design,1979
Bluetooth Speaker 480,53938,89,Best suited for daily use,1980
Fitness Band 481,14190,260,Premium build with modern design,1981
Electric Kettle 482,51802,169,High quality and durable product,1982
Office Chair 483,3424,233,Highly rated customer favorite,1983
Wireless Headphones 484,28955,283,Highly rated customer favorite,1984
Mechanical Keyboard 485,21474,26,Best suited for daily use,1985
Air Fryer 486,47042,131,High quality and durable product,1986
Bluetooth Speaker 487,8461,207,Highly rated customer favorite,1987
Mechanical Keyboard 488,34330,170,High quality and durable product,1988
Mobile Charger 489,40411,260,High quality and durable product,1989
Air Fryer 490,29194,268,Highly rated customer favorite,1990
Gaming Mouse 491,59404,121,Premium build with modern design,1991
Noise Cancelling Earbuds 492,1624,216,Highly rated customer favorite,1992
Vacuum Cleaner 493,56454,147,Premium build with modern design,1993
Smart Watch 494,57202,298,Best suited for daily use,1994
Vacuum Cleaner 495,33992,197,High quality and durable product,1995
Gaming Mouse 496,30054,296,Best suited for daily use,1996
Mobile Charger 497,25184,139,High quality and durable product,1997
Air Fryer 498,37777,210,Premium build with modern design,1998
Noise Cancelling Earbuds 499,37755,152,Best suited for daily use,1999
Yoga Mat 500,43533,136,Energy efficient and reliable,2000
